rep,frame,drift_A
rep1,0,0.0
rep1,1,1.593
rep1,2,2.332
rep1,3,1.778
rep1,4,0.865
rep1,5,1.266
rep1,6,2.143
rep1,7,2.073
rep1,8,1.827
rep1,9,3.245
rep1,10,1.474
rep1,11,1.037
rep1,12,1.053
rep1,13,3.223
rep1,14,1.079
rep1,15,5.352
rep1,16,3.806
rep1,17,2.537
rep1,18,3.097
rep1,19,2.705
rep1,20,4.244
rep1,21,4.247
rep1,22,4.524
rep1,23,4.267
rep1,24,6.173
rep1,25,5.717
rep1,26,5.81
rep1,27,4.461
rep1,28,2.567
rep1,29,1.996
rep1,30,1.364
rep1,31,4.693
rep1,32,3.713
rep1,33,4.118
rep1,34,3.98
rep1,35,2.675
rep1,36,3.695
rep1,37,3.02
rep1,38,4.237
rep1,39,2.531
rep1,40,2.8
rep1,41,3.029
rep1,42,3.22
rep1,43,1.601
rep1,44,4.926
rep1,45,5.612
rep1,46,5.124
rep1,47,6.939
rep1,48,12.261
rep1,49,10.97
rep1,50,7.952
rep1,51,8.433
rep1,52,6.666
rep1,53,6.841
rep1,54,6.416
rep1,55,8.082
rep1,56,8.235
rep1,57,10.473
rep1,58,9.787
rep1,59,10.144
rep1,60,10.674
rep1,61,9.873
rep1,62,10.402
rep1,63,11.39
rep1,64,10.885
rep1,65,11.421
rep1,66,10.503
rep1,67,10.73
rep1,68,10.984
rep1,69,11.382
rep1,70,9.761
rep1,71,11.391
rep1,72,10.343
rep1,73,9.946
rep1,74,10.936
rep1,75,11.011
rep1,76,9.706
rep1,77,10.433
rep1,78,9.668
rep1,79,9.027
rep1,80,10.105
rep1,81,9.364
rep1,82,9.658
rep1,83,8.933
rep1,84,8.311
rep1,85,8.616
rep1,86,8.913
rep1,87,8.92
rep1,88,9.895
rep1,89,9.465
rep1,90,8.842
rep1,91,9.176
rep1,92,9.037
rep1,93,8.83
rep1,94,9.983
rep1,95,9.991
rep1,96,9.044
rep1,97,9.923
rep1,98,9.282
rep1,99,9.443
rep1,100,9.437
rep1,101,10.181
rep1,102,9.979
rep1,103,9.498
rep1,104,9.853
rep1,105,9.989
rep1,106,9.081
rep1,107,9.845
rep1,108,8.945
rep1,109,10.032
rep1,110,9.77
rep1,111,8.385
rep1,112,9.05
rep1,113,7.483
rep1,114,7.617
rep1,115,7.662
rep1,116,7.968
rep1,117,4.627
rep1,118,8.86
rep1,119,8.729
rep1,120,9.868
rep1,121,7.959
rep1,122,8.521
rep1,123,7.83
rep1,124,8.687
rep1,125,10.099
rep1,126,10.148
rep1,127,8.906
rep1,128,9.369
rep1,129,8.87
rep1,130,9.306
rep1,131,8.759
rep1,132,8.547
rep1,133,8.808
rep1,134,9.553
rep1,135,9.999
rep1,136,9.511
rep1,137,9.601
rep1,138,9.117
rep1,139,9.644
rep1,140,9.0
rep1,141,10.312
rep1,142,10.035
rep1,143,9.902
rep1,144,8.922
rep1,145,8.565
rep1,146,8.405
rep1,147,8.034
rep1,148,9.414
rep1,149,10.964
rep1,150,10.015
rep1,151,10.359
rep1,152,11.009
rep1,153,9.648
rep1,154,10.448
rep1,155,11.103
rep1,156,10.952
rep1,157,11.739
rep1,158,6.225
rep1,159,5.971
rep1,160,5.794
rep1,161,5.856
rep1,162,5.645
rep1,163,6.275
rep1,164,6.063
rep1,165,6.533
rep1,166,5.542
rep1,167,4.963
rep1,168,4.245
rep1,169,3.197
rep1,170,3.97
rep1,171,3.631
rep1,172,3.127
rep1,173,3.799
rep1,174,2.05
rep1,175,2.274
rep1,176,3.307
rep1,177,2.921
rep1,178,3.724
rep1,179,3.366
rep1,180,3.707
rep1,181,2.842
rep1,182,2.411
rep1,183,1.23
rep1,184,0.623
rep1,185,1.827
rep1,186,0.631
rep1,187,1.307
rep1,188,2.057
rep1,189,1.574
rep1,190,2.94
rep1,191,3.747
rep1,192,1.595
rep1,193,1.486
rep1,194,2.454
rep1,195,3.011
rep1,196,2.316
rep1,197,2.741
rep1,198,3.293
rep1,199,3.557
rep1,200,3.401
rep1,201,3.777
rep1,202,8.124
rep1,203,5.492
rep1,204,5.701
rep1,205,3.813
rep1,206,3.471
rep1,207,2.266
rep1,208,2.931
rep1,209,4.452
rep1,210,5.475
rep1,211,4.146
rep1,212,4.907
rep1,213,5.118
rep1,214,5.015
rep1,215,4.233
rep1,216,4.122
rep1,217,3.292
rep1,218,3.473
rep1,219,2.394
rep1,220,3.976
rep1,221,4.219
rep1,222,4.77
rep1,223,5.137
rep1,224,5.427
rep1,225,5.193
rep1,226,5.492
rep1,227,5.989
rep1,228,4.895
rep1,229,5.742
rep1,230,5.285
rep1,231,5.715
rep1,232,6.094
rep1,233,4.417
rep1,234,5.039
rep1,235,4.111
rep1,236,5.192
rep1,237,5.48
rep1,238,4.858
rep1,239,5.181
rep1,240,5.366
rep1,241,4.371
rep1,242,5.739
rep1,243,4.912
rep1,244,6.523
rep1,245,5.141
rep1,246,5.374
rep1,247,6.005
rep1,248,5.284
rep1,249,5.711
rep1,250,5.999
rep1,251,5.013
rep1,252,3.955
rep1,253,5.613
rep1,254,3.308
rep1,255,2.113
rep1,256,6.643
rep1,257,5.543
rep1,258,5.742
rep1,259,7.955
rep1,260,5.484
rep1,261,7.353
rep1,262,6.634
rep1,263,7.847
rep1,264,7.742
rep1,265,7.138
rep1,266,6.914
rep1,267,6.611
rep1,268,7.64
rep1,269,7.723
rep1,270,7.123
rep1,271,7.789
rep1,272,8.672
rep1,273,8.114
rep1,274,6.435
rep1,275,6.867
rep1,276,7.348
rep1,277,7.605
rep1,278,8.329
rep1,279,7.768
rep1,280,8.186
rep1,281,7.522
rep1,282,7.332
rep1,283,8.439
rep1,284,7.417
rep1,285,7.149
rep1,286,7.616
rep1,287,8.196
rep1,288,7.966
rep1,289,7.71
rep1,290,7.803
rep1,291,7.997
rep1,292,7.735
rep1,293,8.221
rep1,294,8.434
rep1,295,8.57
rep1,296,7.454
rep1,297,8.142
rep1,298,8.184
rep1,299,8.803
rep1,300,7.446
rep1,301,8.059
rep1,302,8.1
rep1,303,8.57
rep1,304,8.649
rep1,305,8.013
rep1,306,7.375
rep1,307,7.88
rep1,308,7.532
rep1,309,8.545
rep1,310,7.421
rep1,311,8.214
rep1,312,8.029
rep1,313,6.819
rep1,314,8.26
rep1,315,6.84
rep1,316,7.722
rep1,317,7.656
rep1,318,6.287
rep1,319,6.272
rep1,320,7.607
rep1,321,8.915
rep1,322,8.054
rep1,323,9.718
rep1,324,9.393
rep1,325,8.53
rep1,326,8.622
rep1,327,9.918
rep1,328,9.535
rep1,329,9.184
rep1,330,8.524
rep1,331,9.093
rep1,332,9.082
rep1,333,8.926
rep1,334,8.602
rep1,335,8.631
rep1,336,8.992
rep1,337,8.58
rep1,338,8.849
rep1,339,8.764
rep1,340,8.456
rep1,341,9.272
rep1,342,8.327
rep1,343,9.134
rep1,344,9.111
rep1,345,8.775
rep1,346,9.222
rep1,347,8.959
rep1,348,9.433
rep1,349,8.949
rep1,350,8.194
rep1,351,8.989
rep1,352,7.931
rep1,353,7.96
rep1,354,9.373
rep1,355,8.019
rep1,356,8.823
rep1,357,7.838
rep1,358,8.416
rep1,359,8.716
rep1,360,9.429
rep1,361,8.703
rep1,362,10.138
rep1,363,9.36
rep1,364,9.162
rep1,365,8.637
rep1,366,9.093
rep1,367,8.15
rep1,368,9.404
rep1,369,9.822
rep1,370,9.587
rep1,371,9.155
rep1,372,9.729
rep1,373,9.761
rep1,374,8.459
rep1,375,9.266
rep1,376,9.562
rep1,377,9.801
rep1,378,9.86
rep1,379,9.522
rep1,380,9.413
rep1,381,9.382
rep1,382,8.939
rep1,383,8.432
rep1,384,8.873
rep1,385,8.384
rep1,386,8.859
rep1,387,8.72
rep1,388,8.789
rep1,389,9.488
rep1,390,9.459
rep1,391,9.336
rep1,392,9.54
rep1,393,9.202
rep1,394,8.883
rep1,395,8.747
rep1,396,8.876
rep1,397,8.882
rep1,398,8.875
rep1,399,9.46
rep1,400,8.973
rep1,401,8.914
rep1,402,8.989
rep1,403,9.231
rep1,404,9.724
rep1,405,9.156
rep1,406,9.226
rep1,407,9.156
rep1,408,9.809
rep1,409,9.293
rep1,410,6.499
rep1,411,8.278
rep1,412,9.171
rep1,413,9.526
rep1,414,8.92
rep1,415,8.784
rep1,416,9.074
rep1,417,9.206
rep1,418,8.801
rep1,419,9.107
rep1,420,8.813
rep1,421,8.471
rep1,422,8.034
rep1,423,8.128
rep1,424,8.278
rep1,425,8.707
rep1,426,8.904
rep1,427,8.865
rep1,428,8.506
rep1,429,8.254
rep1,430,8.016
rep1,431,7.967
rep1,432,8.113
rep1,433,8.517
rep1,434,8.505
rep1,435,8.436
rep1,436,9.152
rep1,437,8.924
rep1,438,8.9
rep1,439,8.194
rep1,440,8.439
rep1,441,9.074
rep1,442,8.487
rep1,443,8.734
rep1,444,8.575
rep1,445,8.427
rep1,446,8.237
rep1,447,8.679
rep1,448,7.811
rep1,449,7.401
rep1,450,8.743
rep1,451,8.769
rep1,452,8.711
rep1,453,7.819
rep1,454,7.783
rep1,455,8.329
rep1,456,8.547
rep1,457,8.922
rep1,458,8.929
rep1,459,8.754
rep1,460,8.67
rep1,461,8.666
rep1,462,9.338
rep1,463,8.859
rep1,464,9.271
rep1,465,8.924
rep1,466,8.586
rep1,467,9.145
rep1,468,8.846
rep1,469,8.426
rep1,470,8.206
rep1,471,9.325
rep1,472,9.175
rep1,473,9.657
rep1,474,9.597
rep1,475,9.433
rep1,476,9.086
rep1,477,9.498
rep1,478,9.304
rep1,479,9.13
rep1,480,9.244
rep1,481,9.056
rep1,482,8.706
rep1,483,6.863
rep1,484,8.605
rep1,485,9.023
rep1,486,8.041
rep1,487,8.217
rep1,488,8.434
rep1,489,8.486
rep1,490,8.161
rep1,491,8.285
rep1,492,8.72
rep1,493,8.405
rep1,494,8.511
rep1,495,9.261
rep1,496,9.235
rep1,497,9.033
rep1,498,8.886
rep1,499,8.634
rep1,500,8.647
rep1,501,8.86
rep1,502,8.984
rep1,503,8.954
rep1,504,9.14
rep1,505,9.458
rep1,506,9.5
rep1,507,9.359
rep1,508,9.154
rep1,509,9.388
rep1,510,9.225
rep1,511,9.118
rep1,512,8.904
rep1,513,8.97
rep1,514,8.59
rep1,515,8.846
rep1,516,9.624
rep1,517,8.971
rep1,518,8.991
rep1,519,8.893
rep1,520,8.808
rep1,521,9.371
rep1,522,9.046
rep1,523,9.345
rep1,524,9.272
rep1,525,8.734
rep1,526,9.099
rep1,527,9.214
rep1,528,9.364
rep1,529,9.627
rep1,530,9.916
rep1,531,9.688
rep1,532,9.558
rep1,533,9.71
rep1,534,9.505
rep1,535,9.451
rep1,536,9.613
rep1,537,8.816
rep1,538,9.26
rep1,539,9.164
rep1,540,9.478
rep1,541,9.377
rep1,542,9.347
rep1,543,9.874
rep1,544,9.948
rep1,545,9.92
rep1,546,9.739
rep1,547,8.678
rep1,548,9.605
rep1,549,9.667
rep1,550,9.21
rep1,551,9.936
rep1,552,10.213
rep1,553,9.698
rep1,554,9.344
rep1,555,9.422
rep1,556,9.736
rep1,557,10.036
rep1,558,9.771
rep1,559,9.851
rep1,560,10.392
rep1,561,9.782
rep1,562,9.667
rep1,563,9.933
rep1,564,8.931
rep1,565,9.279
rep1,566,9.58
rep1,567,9.948
rep1,568,9.566
rep1,569,9.524
rep1,570,9.516
rep1,571,9.888
rep1,572,10.282
rep1,573,9.743
rep1,574,9.795
rep1,575,9.888
rep1,576,9.724
rep1,577,9.58
rep1,578,10.213
rep1,579,9.95
rep1,580,9.658
rep1,581,8.862
rep1,582,8.936
rep1,583,10.011
rep1,584,9.575
rep1,585,10.127
rep1,586,10.043
rep1,587,9.61
rep1,588,9.185
rep1,589,9.222
rep1,590,9.757
rep1,591,9.838
rep1,592,9.971
rep1,593,9.124
rep1,594,9.899
rep1,595,9.425
rep1,596,9.634
rep1,597,9.215
rep1,598,9.455
rep1,599,10.27
rep1,600,9.549
rep1,601,9.667
rep1,602,9.036
rep1,603,9.666
rep1,604,9.914
rep1,605,10.037
rep1,606,9.47
rep1,607,9.795
rep1,608,9.426
rep1,609,9.666
rep1,610,9.21
rep1,611,9.399
rep1,612,9.568
rep1,613,9.793
rep1,614,9.32
rep1,615,9.538
rep1,616,9.62
rep1,617,9.74
rep1,618,10.312
rep1,619,9.839
rep1,620,9.641
rep1,621,9.814
rep1,622,9.566
rep1,623,9.853
rep1,624,10.146
rep1,625,9.919
rep1,626,9.687
rep1,627,9.415
rep1,628,10.578
rep1,629,9.676
rep1,630,9.873
rep1,631,9.455
rep1,632,10.005
rep1,633,9.469
rep1,634,9.329
rep1,635,9.639
rep1,636,9.202
rep1,637,8.668
rep1,638,9.219
rep1,639,9.332
rep1,640,9.828
rep1,641,9.163
rep1,642,9.051
rep1,643,9.078
rep1,644,9.469
rep1,645,8.518
rep1,646,9.313
rep1,647,8.892
rep1,648,8.995
rep1,649,8.686
rep1,650,9.569
rep1,651,8.799
rep1,652,9.347
rep1,653,8.949
rep1,654,9.233
rep1,655,9.695
rep1,656,9.184
rep1,657,9.028
rep1,658,8.967
rep1,659,8.914
rep1,660,8.768
rep1,661,8.651
rep1,662,7.931
rep1,663,8.453
rep1,664,8.875
rep1,665,8.917
rep1,666,8.684
rep1,667,8.707
rep1,668,9.202
rep1,669,9.011
rep1,670,9.08
rep1,671,9.045
rep1,672,9.367
rep1,673,8.447
rep1,674,9.179
rep1,675,9.218
rep1,676,9.09
rep1,677,9.544
rep1,678,9.395
rep1,679,8.805
rep1,680,8.977
rep1,681,9.744
rep1,682,8.991
rep1,683,9.146
rep1,684,8.894
rep1,685,9.649
rep1,686,9.3
rep1,687,9.312
rep1,688,9.518
rep1,689,9.123
rep1,690,9.531
rep1,691,9.859
rep1,692,9.391
rep1,693,9.274
rep1,694,9.148
rep1,695,9.032
rep1,696,8.891
rep1,697,9.366
rep1,698,8.682
rep1,699,8.729
rep1,700,8.765
rep1,701,8.4
rep1,702,8.771
rep1,703,8.31
rep1,704,9.0
rep1,705,8.669
rep1,706,8.486
rep1,707,9.084
rep1,708,8.911
rep1,709,8.892
rep1,710,8.962
rep1,711,8.681
rep1,712,8.548
rep1,713,8.505
rep1,714,8.462
rep1,715,9.645
rep1,716,9.051
rep1,717,8.716
rep1,718,8.537
rep1,719,7.048
rep1,720,8.288
rep1,721,9.259
rep1,722,8.957
rep1,723,9.293
rep1,724,8.661
rep1,725,8.63
rep1,726,9.454
rep1,727,9.258
rep1,728,9.326
rep1,729,8.682
rep1,730,8.726
rep1,731,9.099
rep1,732,8.723
rep1,733,9.059
rep1,734,8.125
rep1,735,9.269
rep1,736,8.616
rep1,737,8.681
rep1,738,8.738
rep1,739,8.984
rep1,740,8.667
rep1,741,9.014
rep1,742,8.565
rep1,743,9.165
rep1,744,8.512
rep1,745,7.794
rep1,746,8.572
rep1,747,8.519
rep1,748,8.422
rep1,749,8.567
rep1,750,9.099
rep1,751,9.185
rep1,752,9.355
rep1,753,9.161
rep1,754,9.174
rep1,755,8.993
rep1,756,9.322
rep1,757,9.777
rep1,758,9.365
rep1,759,9.02
rep1,760,9.42
rep1,761,10.097
rep1,762,9.696
rep1,763,9.212
rep1,764,9.442
rep1,765,9.22
rep1,766,9.492
rep1,767,9.38
rep1,768,8.935
rep1,769,8.583
rep1,770,9.008
rep1,771,9.568
rep1,772,9.62
rep1,773,9.676
rep1,774,9.301
rep1,775,9.164
rep1,776,9.168
rep1,777,9.548
rep1,778,9.601
rep1,779,8.904
rep1,780,9.153
rep1,781,9.595
rep1,782,8.813
rep1,783,8.358
rep1,784,7.834
rep1,785,8.086
rep1,786,7.964
rep1,787,7.82
rep1,788,7.432
rep1,789,8.275
rep1,790,7.961
rep1,791,7.796
rep1,792,7.823
rep1,793,7.406
rep1,794,7.444
rep1,795,7.923
rep1,796,7.643
rep1,797,6.568
rep1,798,6.879
rep1,799,6.897
rep1,800,7.511
rep1,801,7.912
rep1,802,8.144
rep1,803,7.692
rep1,804,9.224
rep1,805,8.388
rep1,806,8.605
rep1,807,8.514
rep1,808,8.163
rep1,809,8.273
rep1,810,9.187
rep1,811,8.839
rep1,812,8.924
rep1,813,8.951
rep1,814,9.012
rep1,815,9.083
rep1,816,9.121
rep1,817,8.836
rep1,818,9.264
rep1,819,9.11
rep1,820,8.937
rep1,821,8.691
rep1,822,9.393
rep1,823,9.463
rep1,824,9.267
rep1,825,9.292
rep1,826,8.906
rep1,827,8.455
rep1,828,8.426
rep1,829,8.599
rep1,830,8.143
rep1,831,8.998
rep1,832,8.249
rep1,833,8.738
rep1,834,8.283
rep1,835,8.025
rep1,836,8.102
rep1,837,8.217
rep1,838,8.435
rep1,839,7.837
rep1,840,8.7
rep1,841,8.723
rep1,842,8.455
rep1,843,8.199
rep1,844,8.407
rep1,845,8.22
rep1,846,8.033
rep1,847,8.441
rep1,848,8.57
rep1,849,8.405
rep1,850,8.163
rep1,851,8.383
rep1,852,9.557
rep1,853,8.639
rep1,854,9.019
rep1,855,7.915
rep1,856,8.915
rep1,857,8.814
rep1,858,8.719
rep1,859,8.761
rep1,860,8.84
rep1,861,8.855
rep1,862,9.142
rep1,863,8.728
rep1,864,8.587
rep1,865,9.048
rep1,866,8.151
rep1,867,8.368
rep1,868,8.375
rep1,869,8.054
rep1,870,8.921
rep1,871,8.661
rep1,872,8.54
rep1,873,8.623
rep1,874,8.979
rep1,875,9.013
rep1,876,8.601
rep1,877,9.112
rep1,878,8.706
rep1,879,8.559
rep1,880,8.822
rep1,881,8.757
rep1,882,9.031
rep1,883,8.558
rep1,884,9.6
rep1,885,8.846
rep1,886,8.447
rep1,887,8.738
rep1,888,8.513
rep1,889,8.034
rep1,890,7.789
rep1,891,8.384
rep1,892,8.529
rep1,893,8.739
rep1,894,8.374
rep1,895,8.662
rep1,896,8.54
rep1,897,8.911
rep1,898,8.756
rep1,899,8.834
rep1,900,8.724
rep1,901,8.039
rep1,902,9.089
rep1,903,8.657
rep1,904,8.896
rep1,905,8.838
rep1,906,8.787
rep1,907,8.777
rep1,908,8.897
rep1,909,8.807
rep1,910,9.179
rep1,911,10.073
rep1,912,9.056
rep1,913,8.285
rep1,914,8.89
rep1,915,9.125
rep1,916,8.099
rep1,917,8.574
rep1,918,8.487
rep1,919,8.944
rep1,920,8.04
rep1,921,8.655
rep1,922,9.537
rep1,923,9.17
rep1,924,8.952
rep1,925,9.097
rep1,926,8.866
rep1,927,9.258
rep1,928,9.198
rep1,929,9.351
rep1,930,9.431
rep1,931,9.264
rep1,932,9.269
rep1,933,9.212
rep1,934,8.991
rep1,935,9.262
rep1,936,8.687
rep1,937,8.765
rep1,938,9.152
rep1,939,9.237
rep1,940,9.362
rep1,941,8.429
rep1,942,9.091
rep1,943,8.648
rep1,944,9.391
rep1,945,9.338
rep1,946,9.261
rep1,947,9.312
rep1,948,9.321
rep1,949,9.897
rep1,950,9.652
rep1,951,10.049
rep1,952,9.168
rep1,953,8.138
rep1,954,8.114
rep1,955,8.828
rep1,956,9.257
rep1,957,9.396
rep1,958,10.123
rep1,959,9.875
rep1,960,10.147
rep1,961,9.552
rep1,962,9.337
rep1,963,9.649
rep1,964,9.883
rep1,965,9.565
rep1,966,9.876
rep1,967,9.877
rep1,968,9.165
rep1,969,9.072
rep1,970,8.8
rep1,971,8.87
rep1,972,8.818
rep1,973,8.626
rep1,974,9.207
rep1,975,8.57
rep1,976,9.046
rep1,977,9.386
rep1,978,9.548
rep1,979,8.81
rep1,980,8.875
rep1,981,8.845
rep1,982,9.176
rep1,983,8.505
rep1,984,9.034
rep1,985,9.061
rep1,986,8.954
rep1,987,8.873
rep1,988,8.398
rep1,989,9.049
rep1,990,9.088
rep1,991,8.632
rep1,992,9.272
rep1,993,9.673
rep1,994,8.486
rep1,995,8.801
rep1,996,8.86
rep1,997,9.007
rep1,998,8.679
rep1,999,9.427
rep1,1000,8.692
rep1,1001,8.661
rep1,1002,9.133
rep1,1003,9.379
rep1,1004,9.077
rep1,1005,8.265
rep1,1006,9.1
rep1,1007,9.297
rep1,1008,8.982
rep1,1009,9.084
rep1,1010,8.936
rep1,1011,9.598
rep1,1012,9.636
rep1,1013,9.562
rep1,1014,9.094
rep1,1015,9.06
rep1,1016,9.23
rep1,1017,9.684
rep1,1018,9.219
rep1,1019,8.82
rep1,1020,9.534
rep1,1021,9.174
rep1,1022,8.356
rep1,1023,8.63
rep1,1024,8.914
rep1,1025,8.786
rep1,1026,8.62
rep1,1027,8.569
rep1,1028,8.811
rep1,1029,8.2
rep1,1030,8.552
rep1,1031,8.531
rep1,1032,8.37
rep1,1033,8.281
rep1,1034,7.599
rep1,1035,8.421
rep1,1036,9.065
rep1,1037,9.063
rep1,1038,8.48
rep1,1039,8.4
rep1,1040,8.469
rep1,1041,8.733
rep1,1042,8.804
rep1,1043,8.501
rep1,1044,9.152
rep1,1045,8.817
rep1,1046,8.866
rep1,1047,9.487
rep1,1048,9.39
rep1,1049,8.99
rep1,1050,9.65
rep1,1051,8.581
rep1,1052,8.97
rep1,1053,9.054
rep1,1054,8.812
rep1,1055,8.626
rep1,1056,8.477
rep1,1057,9.228
rep1,1058,8.935
rep1,1059,9.336
rep1,1060,9.1
rep1,1061,8.821
rep1,1062,8.631
rep1,1063,8.483
rep1,1064,8.798
rep1,1065,8.512
rep1,1066,8.505
rep1,1067,8.628
rep1,1068,8.659
rep2,0,0.0
rep2,1,1.903
rep2,2,1.107
rep2,3,2.248
rep2,4,2.03
rep2,5,2.842
rep2,6,1.931
rep2,7,2.657
rep2,8,1.583
rep2,9,2.175
rep2,10,3.242
rep2,11,2.913
rep2,12,2.628
rep2,13,2.247
rep2,14,1.922
rep2,15,3.341
rep2,16,3.112
rep2,17,3.755
rep2,18,3.012
rep2,19,2.682
rep2,20,3.401
rep2,21,2.355
rep2,22,3.712
rep2,23,3.698
rep2,24,3.071
rep2,25,3.766
rep2,26,3.243
rep2,27,3.607
rep2,28,3.566
rep2,29,3.107
rep2,30,3.17
rep2,31,3.179
rep2,32,3.876
rep2,33,3.39
rep2,34,4.023
rep2,35,3.422
rep2,36,4.16
rep2,37,4.489
rep2,38,3.431
rep2,39,4.828
rep2,40,4.584
rep2,41,4.844
rep2,42,5.056
rep2,43,4.587
rep2,44,4.153
rep2,45,4.156
rep2,46,4.453
rep2,47,3.416
rep2,48,3.799
rep2,49,3.476
rep2,50,3.507
rep2,51,3.78
rep2,52,3.206
rep2,53,3.97
rep2,54,3.518
rep2,55,4.195
rep2,56,3.777
rep2,57,3.39
rep2,58,2.877
rep2,59,3.947
rep2,60,4.853
rep2,61,3.965
rep2,62,3.358
rep2,63,3.598
rep2,64,3.348
rep2,65,2.908
rep2,66,3.753
rep2,67,3.13
rep2,68,3.453
rep2,69,5.218
rep2,70,5.361
rep2,71,4.131
rep2,72,4.344
rep2,73,5.222
rep2,74,2.845
rep2,75,3.131
rep2,76,3.251
rep2,77,2.596
rep2,78,3.889
rep2,79,4.845
rep2,80,4.745
rep2,81,5.484
rep2,82,4.9
rep2,83,5.192
rep2,84,4.864
rep2,85,3.464
rep2,86,5.048
rep2,87,4.044
rep2,88,3.81
rep2,89,3.525
rep2,90,3.327
rep2,91,3.212
rep2,92,5.113
rep2,93,3.105
rep2,94,2.952
rep2,95,3.348
rep2,96,3.459
rep2,97,4.6
rep2,98,5.989
rep2,99,4.044
rep2,100,4.839
rep2,101,3.107
rep2,102,2.826
rep2,103,3.103
rep2,104,3.989
rep2,105,3.505
rep2,106,3.326
rep2,107,3.211
rep2,108,3.078
rep2,109,3.443
rep2,110,3.917
rep2,111,3.744
rep2,112,2.825
rep2,113,4.667
rep2,114,3.895
rep2,115,3.6
rep2,116,4.254
rep2,117,4.706
rep2,118,2.651
rep2,119,3.709
rep2,120,3.66
rep2,121,4.122
rep2,122,4.381
rep2,123,4.455
rep2,124,6.086
rep2,125,8.996
rep2,126,5.623
rep2,127,5.084
rep2,128,5.157
rep2,129,4.669
rep2,130,8.085
rep2,131,5.135
rep2,132,5.79
rep2,133,6.751
rep2,134,5.373
rep2,135,5.612
rep2,136,5.819
rep2,137,6.085
rep2,138,6.507
rep2,139,5.091
rep2,140,5.778
rep2,141,4.602
rep2,142,3.52
rep2,143,4.943
rep2,144,4.921
rep2,145,4.323
rep2,146,6.161
rep2,147,5.105
rep2,148,4.698
rep2,149,5.513
rep2,150,4.06
rep2,151,5.083
rep2,152,4.988
rep2,153,4.768
rep2,154,4.527
rep2,155,4.244
rep2,156,5.006
rep2,157,5.325
rep2,158,6.538
rep2,159,8.706
rep2,160,8.613
rep2,161,8.172
rep2,162,5.884
rep2,163,4.826
rep2,164,7.111
rep2,165,7.186
rep2,166,7.618
rep2,167,7.667
rep2,168,7.55
rep2,169,7.366
rep2,170,8.16
rep2,171,7.876
rep2,172,8.263
rep2,173,8.986
rep2,174,9.033
rep2,175,9.116
rep2,176,8.777
rep2,177,10.868
rep2,178,8.511
rep2,179,8.668
rep2,180,10.099
rep2,181,10.473
rep2,182,11.043
rep2,183,10.104
rep2,184,8.991
rep2,185,8.58
rep2,186,7.55
rep2,187,8.468
rep2,188,6.761
rep2,189,7.924
rep2,190,8.431
rep2,191,7.984
rep2,192,5.43
rep2,193,5.579
rep2,194,6.773
rep2,195,5.908
rep2,196,7.903
rep2,197,7.324
rep2,198,7.189
rep2,199,7.987
rep2,200,7.208
rep2,201,7.757
rep2,202,6.996
rep2,203,8.012
rep2,204,8.817
rep2,205,8.13
rep2,206,8.328
rep2,207,8.231
rep2,208,7.411
rep2,209,7.283
rep2,210,6.882
rep2,211,7.946
rep2,212,8.814
rep2,213,7.505
rep2,214,6.826
rep2,215,7.939
rep2,216,7.186
rep2,217,9.098
rep2,218,8.707
rep2,219,8.903
rep2,220,9.639
rep2,221,8.097
rep2,222,7.859
rep2,223,8.157
rep2,224,8.997
rep2,225,7.815
rep2,226,6.83
rep2,227,7.196
rep2,228,6.853
rep2,229,8.022
rep2,230,7.288
rep2,231,7.415
rep2,232,7.617
rep2,233,6.636
rep2,234,7.655
rep2,235,7.462
rep2,236,7.897
rep2,237,7.175
rep2,238,7.382
rep2,239,7.331
rep2,240,7.668
rep2,241,7.86
rep2,242,7.261
rep2,243,7.051
rep2,244,7.4
rep2,245,7.945
rep2,246,7.298
rep2,247,7.766
rep2,248,6.598
rep2,249,7.874
rep2,250,6.455
rep2,251,5.967
rep2,252,6.653
rep2,253,6.91
rep2,254,7.595
rep2,255,7.653
rep2,256,6.421
rep2,257,6.214
rep2,258,5.83
rep2,259,6.955
rep2,260,7.35
rep2,261,7.567
rep2,262,6.725
rep2,263,6.288
rep2,264,6.558
rep2,265,7.869
rep2,266,7.48
rep2,267,7.693
rep2,268,7.1
rep2,269,7.788
rep2,270,7.645
rep2,271,6.971
rep2,272,7.557
rep2,273,7.447
rep2,274,6.468
rep2,275,6.363
rep2,276,6.66
rep2,277,6.505
rep2,278,7.184
rep2,279,7.302
rep2,280,7.541
rep2,281,6.818
rep2,282,7.517
rep2,283,7.243
rep2,284,8.01
rep2,285,7.078
rep2,286,6.318
rep2,287,7.942
rep2,288,7.106
rep2,289,7.692
rep2,290,7.529
rep2,291,6.655
rep2,292,6.775
rep2,293,6.684
rep2,294,8.235
rep2,295,8.264
rep2,296,8.035
rep2,297,8.555
rep2,298,7.987
rep2,299,4.787
rep2,300,2.199
rep2,301,3.523
rep2,302,5.724
rep2,303,4.288
rep2,304,4.541
rep2,305,4.659
rep2,306,4.975
rep2,307,4.752
rep2,308,3.985
rep2,309,3.167
rep2,310,3.799
rep2,311,4.101
rep2,312,5.106
rep2,313,4.56
rep2,314,4.436
rep2,315,4.609
rep2,316,4.473
rep2,317,4.148
rep2,318,2.62
rep2,319,1.857
rep2,320,2.469
rep2,321,1.867
rep2,322,1.576
rep2,323,0.999
rep2,324,0.857
rep2,325,0.995
rep2,326,2.21
rep2,327,1.166
rep2,328,2.537
rep2,329,1.704
rep2,330,3.108
rep2,331,2.234
rep2,332,1.263
rep2,333,1.534
rep2,334,0.911
rep2,335,0.654
rep2,336,1.99
rep2,337,1.778
rep2,338,1.791
rep2,339,2.469
rep2,340,2.277
rep2,341,2.609
rep2,342,1.365
rep2,343,1.95
rep2,344,2.342
rep2,345,2.545
rep2,346,2.617
rep2,347,5.232
rep2,348,5.698
rep2,349,5.522
rep2,350,4.898
rep2,351,4.631
rep2,352,4.963
rep2,353,4.521
rep2,354,4.994
rep2,355,4.402
rep2,356,3.318
rep2,357,6.218
rep2,358,4.019
rep2,359,4.134
rep2,360,5.125
rep2,361,4.931
rep2,362,4.467
rep2,363,5.84
rep2,364,8.487
rep2,365,7.84
rep2,366,7.955
rep2,367,7.124
rep2,368,6.955
rep2,369,7.357
rep2,370,7.931
rep2,371,7.438
rep2,372,7.856
rep2,373,7.435
rep2,374,8.482
rep2,375,7.538
rep2,376,6.271
rep2,377,7.258
rep2,378,9.201
rep2,379,8.941
rep2,380,9.015
rep2,381,8.417
rep2,382,7.988
rep2,383,8.027
rep2,384,8.63
rep2,385,7.898
rep2,386,7.902
rep2,387,9.438
rep2,388,8.523
rep2,389,9.954
rep2,390,9.667
rep2,391,10.27
rep2,392,10.615
rep2,393,9.353
rep2,394,9.103
rep2,395,10.179
rep2,396,10.881
rep2,397,9.423
rep2,398,8.77
rep2,399,8.805
rep2,400,9.376
rep2,401,10.751
rep2,402,10.813
rep2,403,10.56
rep2,404,11.158
rep2,405,10.9
rep2,406,10.499
rep2,407,10.762
rep2,408,9.391
rep2,409,10.887
rep2,410,10.952
rep2,411,10.183
rep2,412,10.245
rep2,413,10.616
rep2,414,9.709
rep2,415,10.804
rep2,416,10.125
rep2,417,10.684
rep2,418,9.888
rep2,419,11.26
rep2,420,10.777
rep2,421,11.854
rep2,422,11.777
rep2,423,11.585
rep2,424,11.859
rep2,425,9.672
rep2,426,10.145
rep2,427,9.152
rep2,428,10.236
rep2,429,9.871
rep2,430,10.09
rep2,431,11.472
rep2,432,10.122
rep2,433,10.12
rep2,434,11.11
rep2,435,10.31
rep2,436,10.809
rep2,437,10.231
rep2,438,9.926
rep2,439,10.96
rep2,440,10.793
rep2,441,11.527
rep2,442,11.62
rep2,443,10.605
rep2,444,10.236
rep2,445,11.146
rep2,446,10.521
rep2,447,10.29
rep2,448,10.413
rep2,449,9.756
rep2,450,10.879
rep2,451,11.392
rep2,452,10.621
rep2,453,12.207
rep2,454,12.498
rep2,455,12.095
rep2,456,13.612
rep2,457,12.118
rep2,458,12.712
rep2,459,12.434
rep2,460,11.113
rep2,461,11.754
rep2,462,12.346
rep2,463,11.806
rep2,464,12.509
rep2,465,11.092
rep2,466,11.964
rep2,467,12.525
rep2,468,11.742
rep2,469,13.61
rep2,470,12.109
rep2,471,11.603
rep2,472,12.326
rep2,473,12.841
rep2,474,13.254
rep2,475,12.6
rep2,476,11.829
rep2,477,12.32
rep2,478,12.585
rep2,479,11.921
rep2,480,12.521
rep2,481,13.904
rep2,482,12.832
rep2,483,13.376
rep2,484,12.232
rep2,485,13.089
rep2,486,12.267
rep2,487,12.162
rep2,488,12.884
rep2,489,12.159
rep2,490,12.456
rep2,491,13.307
rep2,492,13.146
rep2,493,12.747
rep2,494,12.063
rep2,495,11.739
rep2,496,10.869
rep2,497,10.922
rep2,498,11.036
rep2,499,11.355
rep2,500,9.991
rep2,501,10.878
rep2,502,12.811
rep2,503,11.677
rep2,504,12.795
rep2,505,13.435
rep2,506,13.752
rep2,507,14.174
rep2,508,14.055
rep2,509,13.483
rep2,510,13.041
rep2,511,12.42
rep2,512,13.276
rep2,513,13.914
rep2,514,12.178
rep2,515,12.633
rep2,516,12.052
rep2,517,12.871
rep2,518,11.668
rep2,519,12.686
rep2,520,12.15
rep2,521,10.402
rep2,522,11.093
rep2,523,12.853
rep2,524,12.221
rep2,525,12.486
rep2,526,12.832
rep2,527,12.83
rep2,528,12.065
rep2,529,12.695
rep2,530,13.301
rep2,531,12.956
rep2,532,11.977
rep2,533,12.646
rep2,534,13.027
rep2,535,13.18
rep2,536,13.235
rep2,537,12.352
rep2,538,13.498
rep2,539,12.471
rep2,540,11.539
rep2,541,11.982
rep2,542,11.394
rep2,543,11.702
rep2,544,10.739
rep2,545,10.885
rep2,546,10.685
rep2,547,10.683
rep2,548,10.602
rep2,549,10.344
rep2,550,10.432
rep2,551,9.882
rep2,552,11.598
rep2,553,10.787
rep2,554,11.62
rep2,555,11.366
rep2,556,11.665
rep2,557,11.937
rep2,558,9.952
rep2,559,10.993
rep2,560,11.51
rep2,561,12.333
rep2,562,11.521
rep2,563,13.077
rep2,564,13.661
rep2,565,12.701
rep2,566,13.006
rep2,567,12.52
rep2,568,10.427
rep2,569,10.644
rep2,570,11.478
rep2,571,11.298
rep2,572,12.195
rep2,573,11.296
rep2,574,11.516
rep2,575,12.473
rep2,576,11.863
rep2,577,12.127
rep2,578,11.945
rep2,579,12.226
rep2,580,11.8
rep2,581,11.691
rep2,582,11.296
rep2,583,12.192
rep2,584,12.083
rep2,585,11.383
rep2,586,11.641
rep2,587,11.368
rep2,588,11.873
rep2,589,12.361
rep2,590,11.551
rep2,591,11.745
rep2,592,11.672
rep2,593,11.739
rep2,594,12.707
rep2,595,12.314
rep2,596,11.646
rep2,597,11.389
rep2,598,12.485
rep2,599,11.533
rep2,600,11.555
rep2,601,10.534
rep2,602,10.496
rep2,603,10.234
rep2,604,11.27
rep2,605,10.074
rep2,606,10.714
rep2,607,10.551
rep2,608,10.323
rep2,609,11.078
rep2,610,11.085
rep2,611,11.803
rep2,612,11.82
rep2,613,11.809
rep2,614,11.524
rep2,615,11.721
rep2,616,11.377
rep2,617,12.378
rep2,618,12.57
rep2,619,13.025
rep2,620,11.216
rep2,621,12.775
rep2,622,12.385
rep2,623,13.107
rep2,624,12.896
rep2,625,12.926
rep2,626,12.597
rep2,627,12.257
rep2,628,12.581
rep2,629,12.712
rep2,630,12.175
rep2,631,11.91
rep2,632,12.974
rep2,633,11.758
rep2,634,12.076
rep2,635,11.939
rep2,636,13.184
rep2,637,12.063
rep2,638,12.222
rep2,639,13.021
rep2,640,11.923
rep2,641,10.796
rep2,642,10.406
rep2,643,12.044
rep2,644,12.013
rep2,645,13.157
rep2,646,12.412
rep2,647,11.176
rep2,648,11.81
rep2,649,12.002
rep2,650,12.063
rep2,651,11.632
rep2,652,10.957
rep2,653,11.193
rep2,654,10.891
rep2,655,10.799
rep2,656,10.772
rep2,657,11.143
rep2,658,10.959
rep2,659,11.43
rep2,660,10.69
rep2,661,11.48
rep2,662,10.736
rep2,663,10.976
rep2,664,10.474
rep2,665,10.317
rep2,666,11.415
rep2,667,10.656
rep2,668,11.35
rep2,669,11.178
rep2,670,11.68
rep2,671,11.524
rep2,672,11.425
rep2,673,12.731
rep2,674,11.678
rep2,675,12.038
rep2,676,12.54
rep2,677,10.619
rep2,678,11.782
rep2,679,11.709
rep2,680,11.548
rep2,681,11.161
rep2,682,11.644
rep2,683,11.34
rep2,684,11.384
rep2,685,11.404
rep2,686,11.35
rep2,687,11.585
rep2,688,10.316
rep2,689,11.223
rep2,690,10.266
rep2,691,10.899
rep2,692,11.418
rep2,693,10.396
rep2,694,11.421
rep2,695,10.431
rep2,696,11.074
rep2,697,10.934
rep2,698,10.703
rep2,699,10.769
rep2,700,10.731
rep2,701,11.081
rep2,702,10.905
rep2,703,10.44
rep2,704,11.115
rep2,705,11.039
rep2,706,10.744
rep2,707,10.836
rep2,708,11.067
rep2,709,11.351
rep2,710,10.351
rep2,711,11.005
rep2,712,10.999
rep2,713,10.379
rep2,714,11.027
rep2,715,11.437
rep2,716,10.605
rep2,717,11.034
rep2,718,11.193
rep2,719,10.827
rep2,720,11.405
rep2,721,10.466
rep2,722,11.739
rep2,723,11.068
rep2,724,10.948
rep2,725,11.852
rep2,726,11.846
rep2,727,11.434
rep2,728,11.195
rep2,729,11.254
rep2,730,10.562
rep2,731,11.595
rep2,732,10.889
rep2,733,11.425
rep2,734,11.133
rep2,735,11.001
rep2,736,10.597
rep2,737,11.775
rep2,738,11.303
rep2,739,10.353
rep2,740,9.957
rep2,741,10.172
rep2,742,9.691
rep2,743,9.815
rep2,744,10.645
rep2,745,9.401
rep2,746,9.12
rep2,747,10.109
rep2,748,10.312
rep2,749,10.334
rep2,750,10.99
rep2,751,10.817
rep2,752,10.361
rep2,753,9.831
rep2,754,6.385
rep2,755,10.329
rep2,756,8.646
rep2,757,10.046
rep2,758,9.491
rep2,759,9.125
rep2,760,10.415
rep2,761,9.354
rep2,762,9.017
rep2,763,9.481
rep2,764,9.921
rep2,765,9.746
rep2,766,9.242
rep2,767,9.733
rep2,768,10.63
rep2,769,9.583
rep2,770,11.005
rep2,771,10.118
rep2,772,10.472
rep2,773,10.872
rep2,774,11.074
rep2,775,9.799
rep2,776,9.712
rep2,777,10.241
rep2,778,10.118
rep2,779,9.702
rep2,780,9.604
rep2,781,10.441
rep2,782,10.929
rep2,783,11.125
rep2,784,11.407
rep2,785,10.193
rep2,786,10.413
rep2,787,9.546
rep2,788,10.68
rep2,789,10.231
rep2,790,10.258
rep2,791,10.321
rep2,792,10.167
rep2,793,11.493
rep2,794,9.848
rep2,795,11.116
rep2,796,9.654
rep2,797,10.814
rep2,798,10.618
rep2,799,9.664
rep2,800,10.79
rep2,801,8.969
rep2,802,10.114
rep2,803,10.071
rep2,804,10.264
rep2,805,9.945
rep2,806,9.899
rep2,807,9.416
rep2,808,10.446
rep2,809,10.286
rep2,810,10.102
rep2,811,10.317
rep2,812,11.245
rep2,813,10.976
rep2,814,9.509
rep2,815,9.961
rep2,816,10.59
rep2,817,11.178
rep2,818,10.266
rep2,819,10.172
rep2,820,10.02
rep2,821,10.011
rep2,822,10.209
rep2,823,10.098
rep2,824,9.277
rep2,825,10.133
rep2,826,10.649
rep2,827,10.548
rep2,828,10.362
rep2,829,11.983
rep2,830,12.646
rep2,831,12.028
rep2,832,11.247
rep2,833,9.195
rep2,834,10.575
rep2,835,10.879
rep2,836,13.652
rep2,837,14.522
rep2,838,15.323
rep2,839,15.458
rep2,840,14.407
rep2,841,15.717
rep2,842,14.489
rep2,843,13.516
rep2,844,15.131
rep2,845,16.958
rep2,846,15.912
rep2,847,16.211
rep2,848,15.489
rep2,849,16.141
rep2,850,15.805
rep2,851,16.443
rep2,852,16.162
rep2,853,16.288
rep2,854,16.194
rep2,855,15.558
rep2,856,16.44
rep2,857,15.759
rep2,858,16.297
rep2,859,15.97
rep2,860,17.336
rep2,861,16.241
rep2,862,16.133
rep2,863,16.408
rep2,864,16.002
rep2,865,15.667
rep2,866,16.384
rep2,867,17.124
rep2,868,16.346
rep2,869,15.375
rep2,870,15.782
rep2,871,16.089
rep2,872,15.838
rep2,873,14.743
rep2,874,16.768
rep2,875,16.874
rep2,876,16.515
rep2,877,17.362
rep2,878,17.816
rep2,879,16.846
rep2,880,18.208
rep2,881,16.582
rep2,882,17.09
rep2,883,17.075
rep2,884,17.845
rep2,885,17.791
rep2,886,17.766
rep2,887,17.137
rep2,888,17.646
rep2,889,17.314
rep2,890,18.601
rep2,891,18.001
rep2,892,18.192
rep2,893,17.57
rep2,894,17.235
rep2,895,16.228
rep2,896,18.278
rep2,897,18.513
rep2,898,17.843
rep2,899,17.599
rep2,900,17.278
rep2,901,17.751
rep2,902,17.267
rep2,903,16.85
rep2,904,20.072
rep2,905,19.221
rep2,906,17.611
rep2,907,18.438
rep2,908,17.933
rep2,909,18.844
rep2,910,18.74
rep2,911,19.28
rep2,912,18.998
rep2,913,21.409
rep2,914,20.66
rep2,915,21.544
rep2,916,19.576
rep2,917,17.989
rep2,918,17.336
rep2,919,17.639
rep2,920,17.798
rep2,921,16.121
rep2,922,17.471
rep2,923,17.027
rep2,924,19.591
rep2,925,19.922
rep2,926,22.005
rep2,927,20.76
rep2,928,18.644
rep2,929,19.984
rep2,930,20.155
rep2,931,19.96
rep2,932,18.934
rep2,933,19.276
rep2,934,19.131
rep2,935,19.35
rep2,936,19.939
rep2,937,19.462
rep2,938,19.546
rep2,939,19.457
rep2,940,19.94
rep2,941,18.773
rep2,942,19.298
rep2,943,19.286
rep2,944,20.831
rep2,945,19.771
rep2,946,18.457
rep2,947,20.916
rep2,948,19.503
rep2,949,19.4
rep2,950,18.472
rep2,951,19.197
rep2,952,20.266
rep2,953,20.049
rep2,954,18.246
rep2,955,18.064
rep2,956,19.726
rep2,957,18.907
rep2,958,19.961
rep2,959,19.766
rep2,960,19.784
rep2,961,20.404
rep2,962,19.798
rep2,963,19.238
rep2,964,18.104
rep2,965,18.652
rep2,966,19.205
rep2,967,21.986
rep2,968,20.79
rep2,969,18.974
rep2,970,20.724
rep2,971,20.226
rep2,972,19.983
rep2,973,19.587
rep2,974,18.754
rep2,975,18.547
rep2,976,18.405
rep2,977,17.705
rep2,978,18.383
rep2,979,18.326
rep2,980,17.979
rep2,981,19.171
rep2,982,18.47
rep2,983,20.606
rep2,984,21.806
rep2,985,22.433
rep2,986,22.306
rep2,987,23.293
rep2,988,22.128
rep2,989,21.63
rep2,990,22.415
rep2,991,22.732
rep2,992,19.162
rep2,993,16.846
rep2,994,16.265
rep2,995,19.133
rep2,996,18.088
rep2,997,18.105
rep2,998,18.099
rep2,999,18.748
rep2,1000,17.001
rep2,1001,17.682
rep2,1002,17.981
rep2,1003,20.158
rep2,1004,19.813
rep2,1005,20.493
rep2,1006,18.749
rep2,1007,19.333
rep2,1008,17.361
rep2,1009,18.599
rep2,1010,18.494
rep2,1011,18.424
rep2,1012,18.58
rep2,1013,18.816
rep2,1014,17.686
rep2,1015,17.669
rep2,1016,18.047
rep2,1017,17.091
rep2,1018,19.05
rep2,1019,19.064
rep2,1020,20.705
rep2,1021,18.101
rep2,1022,18.016
rep2,1023,19.357
rep2,1024,18.079
rep2,1025,18.557
rep2,1026,20.728
rep2,1027,20.574
rep2,1028,20.947
rep2,1029,19.854
rep2,1030,18.206
rep2,1031,17.066
rep2,1032,20.186
rep2,1033,21.155
rep2,1034,22.709
rep2,1035,20.604
rep2,1036,19.341
rep2,1037,17.067
rep2,1038,18.124
rep2,1039,16.443
rep2,1040,15.503
rep2,1041,15.597
rep2,1042,15.074
rep2,1043,13.618
rep2,1044,12.981
rep2,1045,11.648
rep2,1046,11.963
rep2,1047,11.8
rep2,1048,12.309
rep2,1049,12.226
rep2,1050,13.782
rep2,1051,12.727
rep2,1052,13.233
rep2,1053,14.067
rep2,1054,12.949
rep2,1055,12.69
rep2,1056,11.676
rep2,1057,12.396
rep2,1058,12.699
rep2,1059,12.917
rep2,1060,13.358
rep2,1061,13.151
rep2,1062,13.359
rep2,1063,13.164
rep2,1064,13.048
rep2,1065,13.083
rep2,1066,12.344
rep2,1067,12.574
rep2,1068,11.948
rep2,1069,12.025
rep2,1070,12.014
rep2,1071,12.147
rep2,1072,13.652
rep2,1073,11.857
rep2,1074,12.396
rep2,1075,12.176
rep2,1076,12.066
rep2,1077,12.958
rep2,1078,12.348
rep2,1079,12.375
rep2,1080,11.806
rep2,1081,12.002
rep2,1082,12.384
rep2,1083,11.926
rep2,1084,11.662
rep2,1085,12.629
rep2,1086,11.129
rep2,1087,11.218
rep2,1088,10.298
rep2,1089,11.451
rep2,1090,11.751
rep2,1091,11.235
rep2,1092,13.026
rep2,1093,11.39
rep2,1094,11.986
rep2,1095,11.741
rep2,1096,12.305
rep2,1097,13.099
rep2,1098,11.695
rep2,1099,13.061
rep2,1100,13.521
rep2,1101,11.748
rep2,1102,11.729
rep2,1103,12.582
rep2,1104,11.573
rep2,1105,12.149
rep2,1106,12.152
rep2,1107,11.579
rep2,1108,12.381
rep2,1109,11.777
rep2,1110,12.608
rep2,1111,12.708
rep2,1112,12.125
rep2,1113,12.211
rep2,1114,12.294
rep2,1115,12.196
rep2,1116,12.435
rep2,1117,12.655
rep2,1118,13.451
rep2,1119,13.623
rep2,1120,12.837
rep2,1121,12.582
rep2,1122,12.616
rep2,1123,12.891
rep2,1124,12.632
rep2,1125,12.482
rep2,1126,12.035
rep2,1127,12.457
rep2,1128,12.724
rep2,1129,12.566
rep2,1130,13.266
rep2,1131,12.69
rep2,1132,13.335
rep2,1133,12.957
rep2,1134,12.565
rep2,1135,13.302
rep2,1136,12.691
rep2,1137,13.2
rep2,1138,12.467
rep2,1139,12.974
rep2,1140,12.902
rep2,1141,13.365
rep2,1142,12.026
rep2,1143,13.909
rep2,1144,12.069
rep2,1145,12.359
rep2,1146,12.624
rep2,1147,12.577
rep2,1148,13.395
rep2,1149,11.987
rep2,1150,12.475
rep2,1151,13.386
rep2,1152,13.538
rep2,1153,13.008
rep2,1154,13.082
rep2,1155,12.783
rep2,1156,12.335
rep2,1157,13.294
rep2,1158,12.919
rep2,1159,13.937
rep2,1160,12.384
rep2,1161,13.088
rep2,1162,13.011
rep2,1163,12.443
rep2,1164,13.124
rep2,1165,12.891
rep2,1166,13.488
rep2,1167,13.146
rep2,1168,13.975
rep2,1169,12.548
rep2,1170,13.371
rep2,1171,13.272
rep2,1172,13.124
rep2,1173,13.652
rep2,1174,13.761
rep2,1175,14.757
rep2,1176,14.721
rep2,1177,12.823
rep2,1178,14.163
rep2,1179,13.466
rep2,1180,12.697
rep2,1181,13.245
rep2,1182,14.212
rep2,1183,13.383
rep2,1184,13.236
rep2,1185,13.258
rep2,1186,13.593
rep2,1187,13.33
rep2,1188,12.441
rep2,1189,13.017
rep2,1190,12.431
rep2,1191,13.206
rep2,1192,13.121
rep2,1193,13.589
rep2,1194,13.149
rep2,1195,12.364
rep2,1196,12.824
rep2,1197,13.155
rep2,1198,12.744
rep2,1199,12.548
rep2,1200,12.925
rep2,1201,12.61
rep2,1202,12.786
rep2,1203,13.045
rep2,1204,12.822
rep2,1205,12.633
rep2,1206,11.932
rep2,1207,13.084
rep2,1208,13.508
rep2,1209,12.24
rep2,1210,14.419
rep2,1211,13.615
rep2,1212,12.741
rep2,1213,13.869
rep2,1214,12.759
rep2,1215,13.027
rep2,1216,14.628
rep2,1217,14.032
rep2,1218,11.485
rep2,1219,12.047
rep2,1220,11.062
rep2,1221,12.311
rep2,1222,13.164
rep2,1223,12.327
rep2,1224,12.146
rep2,1225,11.15
rep2,1226,11.781
rep2,1227,13.192
rep2,1228,10.547
rep2,1229,11.042
rep2,1230,13.086
rep2,1231,11.62
rep2,1232,14.072
rep2,1233,14.577
rep2,1234,14.558
rep2,1235,14.867
rep2,1236,14.283
rep2,1237,16.088
rep2,1238,17.209
rep2,1239,15.614
rep2,1240,13.893
rep2,1241,14.008
rep2,1242,15.058
rep2,1243,16.474
rep2,1244,11.828
rep2,1245,10.481
rep2,1246,12.636
rep2,1247,12.04
rep2,1248,12.119
rep2,1249,10.772
rep2,1250,11.346
rep2,1251,11.317
rep2,1252,12.62
rep2,1253,11.727
rep2,1254,11.278
rep2,1255,13.242
rep2,1256,12.628
rep2,1257,12.391
rep2,1258,11.573
rep2,1259,11.294
rep2,1260,11.58
rep2,1261,10.765
rep2,1262,11.83
rep2,1263,11.905
rep2,1264,9.272
rep2,1265,9.721
rep2,1266,13.175
rep2,1267,12.27
rep2,1268,12.7
rep2,1269,11.481
rep2,1270,13.117
rep2,1271,13.349
rep2,1272,13.55
rep2,1273,14.769
rep2,1274,12.832
rep2,1275,11.661
rep2,1276,11.714
rep2,1277,11.387
rep2,1278,11.22
rep2,1279,12.096
rep2,1280,14.098
rep2,1281,14.233
rep2,1282,14.241
rep2,1283,14.732
rep2,1284,13.31
rep2,1285,14.485
rep2,1286,12.158
rep2,1287,13.496
rep2,1288,13.695
rep2,1289,13.767
rep2,1290,12.788
rep2,1291,13.323
rep2,1292,14.329
rep2,1293,13.097
rep2,1294,14.672
rep2,1295,15.554
rep2,1296,17.595
rep3,0,0.0
rep3,1,1.743
rep3,2,2.596
rep3,3,1.817
rep3,4,1.286
rep3,5,2.087
rep3,6,4.693
rep3,7,4.135
rep3,8,5.072
rep3,9,3.62
rep3,10,4.798
rep3,11,4.304
rep3,12,4.059
rep3,13,5.176
rep3,14,4.541
rep3,15,6.864
rep3,16,6.002
rep3,17,5.622
rep3,18,5.804
rep3,19,5.39
rep3,20,4.602
rep3,21,5.571
rep3,22,6.041
rep3,23,6.585
rep3,24,9.714
rep3,25,9.306
rep3,26,7.567
rep3,27,7.188
rep3,28,8.195
rep3,29,8.484
rep3,30,7.177
rep3,31,9.114
rep3,32,6.774
rep3,33,7.649
rep3,34,7.827
rep3,35,8.348
rep3,36,8.095
rep3,37,7.895
rep3,38,10.033
rep3,39,9.095
rep3,40,8.752
rep3,41,9.28
rep3,42,8.427
rep3,43,9.292
rep3,44,10.929
rep3,45,9.74
rep3,46,10.386
rep3,47,10.527
rep3,48,8.533
rep3,49,8.629
rep3,50,8.954
rep3,51,6.944
rep3,52,8.761
rep3,53,10.068
rep3,54,10.865
rep3,55,9.241
rep3,56,9.963
rep3,57,10.451
rep3,58,9.865
rep3,59,10.43
rep3,60,9.722
rep3,61,11.135
rep3,62,10.111
rep3,63,10.333
rep3,64,8.69
rep3,65,9.095
rep3,66,9.503
rep3,67,7.277
rep3,68,8.547
rep3,69,9.305
rep3,70,10.075
rep3,71,10.151
rep3,72,7.584
rep3,73,7.89
rep3,74,8.391
rep3,75,8.26
rep3,76,8.213
rep3,77,8.153
rep3,78,7.938
rep3,79,7.549
rep3,80,7.419
rep3,81,7.405
rep3,82,7.7
rep3,83,7.618
rep3,84,7.945
rep3,85,7.842
rep3,86,7.555
rep3,87,7.828
rep3,88,7.891
rep3,89,8.444
rep3,90,9.067
rep3,91,8.194
rep3,92,8.554
rep3,93,7.788
rep3,94,7.336
rep3,95,7.874
rep3,96,7.393
rep3,97,7.743
rep3,98,7.449
rep3,99,6.637
rep3,100,7.402
rep3,101,7.183
rep3,102,8.185
rep3,103,7.458
rep3,104,7.474
rep3,105,7.657
rep3,106,7.447
rep3,107,7.446
rep3,108,7.142
rep3,109,7.303
rep3,110,6.915
rep3,111,7.153
rep3,112,8.199
rep3,113,7.164
rep3,114,7.565
rep3,115,7.357
rep3,116,7.626
rep3,117,7.629
rep3,118,8.029
rep3,119,7.761
rep3,120,7.985
rep3,121,8.272
rep3,122,7.722
rep3,123,7.728
rep3,124,8.088
rep3,125,7.656
rep3,126,7.869
rep3,127,7.979
rep3,128,7.644
rep3,129,8.341
rep3,130,7.125
rep3,131,7.73
rep3,132,7.875
rep3,133,7.922
rep3,134,7.378
rep3,135,7.339
rep3,136,7.051
rep3,137,6.786
rep3,138,7.525
rep3,139,8.146
rep3,140,8.05
rep3,141,8.052
rep3,142,7.957
rep3,143,8.053
rep3,144,7.282
rep3,145,7.365
rep3,146,8.03
rep3,147,7.989
rep3,148,7.567
rep3,149,7.639
rep3,150,8.423
rep3,151,7.854
rep3,152,8.454
rep3,153,7.961
rep3,154,7.836
rep3,155,8.365
rep3,156,7.744
rep3,157,7.985
rep3,158,8.187
rep3,159,8.038
rep3,160,8.628
rep3,161,8.193
rep3,162,8.367
rep3,163,8.253
rep3,164,8.056
rep3,165,8.188
rep3,166,7.733
rep3,167,7.773
rep3,168,8.079
rep3,169,7.455
rep3,170,8.094
rep3,171,8.08
rep3,172,7.527
rep3,173,8.373
rep3,174,7.22
rep3,175,7.509
rep3,176,7.938
rep3,177,7.303
rep3,178,7.437
rep3,179,7.592
rep3,180,7.882
rep3,181,6.587
rep3,182,6.754
rep3,183,7.756
rep3,184,8.042
rep3,185,7.35
rep3,186,7.11
rep3,187,7.045
rep3,188,7.305
rep3,189,7.527
rep3,190,7.475
rep3,191,7.152
rep3,192,7.097
rep3,193,6.097
rep3,194,6.045
rep3,195,6.374
rep3,196,7.122
rep3,197,7.325
rep3,198,7.21
rep3,199,7.434
rep3,200,7.689
rep3,201,7.591
rep3,202,6.855
rep3,203,7.413
rep3,204,7.558
rep3,205,7.203
rep3,206,7.906
rep3,207,7.621
rep3,208,8.07
rep3,209,8.921
rep3,210,8.561
rep3,211,8.325
rep3,212,6.926
rep3,213,6.79
rep3,214,7.187
rep3,215,7.371
rep3,216,6.581
rep3,217,7.576
rep3,218,7.743
rep3,219,8.416
rep3,220,7.84
rep3,221,7.814
rep3,222,7.975
rep3,223,6.691
rep3,224,6.879
rep3,225,6.672
rep3,226,6.977
rep3,227,7.392
rep3,228,7.026
rep3,229,7.307
rep3,230,7.535
rep3,231,7.521
rep3,232,7.299
rep3,233,7.641
rep3,234,7.826
rep3,235,7.108
rep3,236,7.131
rep3,237,7.632
rep3,238,7.014
rep3,239,7.831
rep3,240,7.225
rep3,241,7.121
rep3,242,7.46
rep3,243,7.852
rep3,244,7.7
rep3,245,7.312
rep3,246,7.241
rep3,247,7.653
rep3,248,7.238
rep3,249,6.982
rep3,250,7.055
rep3,251,6.624
rep3,252,6.716
rep3,253,6.778
rep3,254,6.51
rep3,255,7.059
rep3,256,7.698
rep3,257,8.708
rep3,258,12.871
rep3,259,11.862
rep3,260,10.329
rep3,261,11.873
rep3,262,11.394
rep3,263,12.135
rep3,264,11.179
rep3,265,11.454
rep3,266,12.097
rep3,267,14.196
rep3,268,11.978
rep3,269,14.271
rep3,270,12.621
rep3,271,11.047
rep3,272,11.731
rep3,273,12.397
rep3,274,10.054
rep3,275,11.445
rep3,276,12.652
rep3,277,12.552
rep3,278,11.77
rep3,279,11.14
rep3,280,10.421
rep3,281,12.365
rep3,282,13.904
rep3,283,12.13
rep3,284,13.266
rep3,285,12.982
rep3,286,12.841
rep3,287,11.834
rep3,288,13.693
rep3,289,11.371
rep3,290,11.112
rep3,291,12.872
rep3,292,10.75
rep3,293,10.223
rep3,294,9.584
rep3,295,10.526
rep3,296,11.251
rep3,297,11.857
rep3,298,11.21
rep3,299,11.773
rep3,300,12.405
rep3,301,13.82
rep3,302,13.257
rep3,303,12.822
rep3,304,12.311
rep3,305,16.935
rep3,306,15.581
rep3,307,10.868
rep3,308,11.856
rep3,309,10.293
rep3,310,11.092
rep3,311,10.703
rep3,312,10.988
rep3,313,11.563
rep3,314,11.28
rep3,315,11.937
rep3,316,11.694
rep3,317,12.417
rep3,318,11.535
rep3,319,12.522
rep3,320,11.254
rep3,321,11.886
rep3,322,12.128
rep3,323,12.171
rep3,324,12.112
rep3,325,10.304
rep3,326,10.215
rep3,327,12.166
rep3,328,11.929
rep3,329,16.872
rep3,330,12.327
rep3,331,11.816
rep3,332,9.735
rep3,333,10.575
rep3,334,9.988
rep3,335,8.021
rep3,336,5.219
rep3,337,5.282
rep3,338,4.816
rep3,339,5.913
rep3,340,4.94
rep3,341,4.386
rep3,342,4.697
rep3,343,6.687
rep3,344,4.366
rep3,345,4.421
rep3,346,4.732
rep3,347,6.826
rep3,348,5.931
rep3,349,4.332
rep3,350,4.79
rep3,351,4.271
rep3,352,17.477
rep3,353,21.11
rep3,354,29.57
rep3,355,22.408
rep3,356,23.916
rep3,357,34.193
rep3,358,36.133
rep3,359,38.052
rep3,360,33.801
rep3,361,57.038
rep3,362,48.409
rep3,363,51.476
rep3,364,53.858
rep3,365,52.388
rep3,366,42.205
rep3,367,48.459
rep3,368,35.226
rep3,369,29.895
rep3,370,29.243
rep3,371,28.71
rep3,372,35.138
rep3,373,49.466
rep3,374,57.127
rep3,375,56.144
rep3,376,53.872
rep3,377,54.354
rep3,378,61.557
rep3,379,64.598
rep3,380,65.046
rep3,381,60.264
rep3,382,57.605
rep3,383,66.221
rep3,384,66.027
rep3,385,54.427
rep3,386,58.086
rep3,387,56.045
rep3,388,57.156
rep3,389,61.541
rep3,390,64.606
rep3,391,65.8
rep3,392,70.785
rep3,393,70.656
rep3,394,68.826
rep3,395,62.451
rep3,396,62.677
rep3,397,66.694
rep3,398,69.655
rep3,399,64.182
rep3,400,30.007
rep3,401,27.035
rep3,402,32.252
rep3,403,63.236
rep3,404,32.118
rep3,405,29.407
rep3,406,65.993
rep3,407,66.699
rep3,408,61.91
rep3,409,51.52
rep3,410,53.545
rep3,411,60.664
rep3,412,32.8
rep3,413,39.77
rep3,414,34.731
rep3,415,35.965
rep3,416,29.718
rep3,417,32.064
rep3,418,29.689
rep3,419,35.57
rep3,420,32.278
rep3,421,66.457
rep3,422,56.261
rep3,423,56.976
rep3,424,49.092
rep3,425,47.948
rep3,426,46.593
rep3,427,44.505
rep3,428,43.303
rep3,429,45.54
rep3,430,43.996
rep3,431,42.084
rep3,432,41.915
rep3,433,44.86
rep3,434,41.906
rep3,435,42.552
rep3,436,42.546
rep3,437,42.939
rep3,438,41.666
rep3,439,42.052
rep3,440,39.921
rep3,441,40.512
rep3,442,39.414
rep3,443,39.624
rep3,444,38.014
rep3,445,34.353
rep3,446,37.973
rep3,447,40.325
rep3,448,37.047
rep3,449,40.297
rep3,450,41.02
rep3,451,43.044
rep3,452,41.556
rep3,453,42.325
rep3,454,42.439
rep3,455,40.99
rep3,456,42.049
rep3,457,39.29
rep3,458,36.258
rep3,459,36.734
rep3,460,37.802
rep3,461,49.648
rep3,462,46.092
rep3,463,57.084
rep3,464,59.852
rep3,465,43.661
rep3,466,42.484
rep3,467,40.376
rep3,468,63.36
rep3,469,68.1
rep3,470,41.191
rep3,471,66.097
rep3,472,68.207
rep3,473,42.184
rep3,474,56.494
rep3,475,54.904
rep3,476,49.669
rep3,477,53.41
rep3,478,61.42
rep3,479,58.882
rep3,480,56.473
rep3,481,49.541
rep3,482,51.791
rep3,483,53.733
rep3,484,51.252
rep3,485,69.95
rep3,486,71.416
rep3,487,66.547
rep3,488,64.078
rep3,489,67.894
rep3,490,67.346
rep3,491,65.876
rep3,492,59.614
rep3,493,59.378
rep3,494,54.7
rep3,495,53.053
rep3,496,54.118
rep3,497,54.25
rep3,498,53.45
rep3,499,55.592
rep3,500,52.79
rep3,501,51.845
rep3,502,52.622
rep3,503,51.646
rep3,504,51.942
rep3,505,53.443
rep3,506,53.474
rep3,507,51.994
rep3,508,52.448
rep3,509,52.863
rep3,510,52.788
rep3,511,52.274
rep3,512,53.6
rep3,513,52.388
rep3,514,51.942
rep3,515,52.406
rep3,516,55.534
rep3,517,52.054
rep3,518,51.926
rep3,519,51.536
rep3,520,50.648
rep3,521,51.669
rep3,522,51.852
rep3,523,53.05
rep3,524,51.984
rep3,525,50.458
rep3,526,49.148
rep3,527,50.593
rep3,528,51.942
rep3,529,50.774
rep3,530,50.36
rep3,531,50.095
rep3,532,50.181
rep3,533,50.98
rep3,534,50.519
rep3,535,49.543
rep3,536,49.756
rep3,537,49.859
rep3,538,50.678
rep3,539,51.805
rep3,540,50.166
rep3,541,52.39
rep3,542,50.775
rep3,543,53.684
rep3,544,51.946
rep3,545,51.236
rep3,546,50.511
rep3,547,50.91
rep3,548,51.53
rep3,549,51.518
rep3,550,53.369
rep3,551,53.857
rep3,552,54.783
rep3,553,54.243
rep3,554,55.905
rep3,555,53.611
rep3,556,53.801
rep3,557,53.383
rep3,558,54.586
rep3,559,54.451
rep3,560,54.128
rep3,561,54.415
rep3,562,53.509
rep3,563,54.211
rep3,564,54.909
rep3,565,53.479
rep3,566,55.757
rep3,567,48.811
rep3,568,51.342
rep3,569,51.981
rep3,570,51.287
rep3,571,51.457
rep3,572,52.571
rep3,573,50.785
rep3,574,52.608
rep3,575,50.48
rep3,576,54.186
rep3,577,50.299
rep3,578,51.277
rep3,579,51.691
rep3,580,51.052
rep3,581,51.612
rep3,582,54.701
rep3,583,53.353
rep3,584,51.375
rep3,585,50.559
rep3,586,51.328
rep3,587,51.306
rep3,588,50.167
rep3,589,48.905
rep3,590,51.538
rep3,591,50.577
rep3,592,48.698
rep3,593,48.863
rep3,594,51.448
rep3,595,49.929
rep3,596,51.342
rep3,597,51.101
rep3,598,50.078
rep3,599,49.862
rep3,600,49.943
rep3,601,50.006
rep3,602,50.523
rep3,603,50.864
rep3,604,49.693
rep3,605,50.752
rep3,606,51.205
rep3,607,55.887
rep3,608,52.658
rep3,609,52.441
rep3,610,50.904
rep3,611,52.084
rep3,612,52.685
rep3,613,51.769
rep3,614,53.57
rep3,615,52.668
rep3,616,50.607
rep3,617,51.375
rep3,618,52.045
rep3,619,53.329
rep3,620,53.067
rep3,621,53.17
rep3,622,49.617
rep3,623,50.515
rep3,624,51.49
rep3,625,50.987
rep3,626,49.829
rep3,627,47.929
rep3,628,48.502
rep3,629,53.758
rep3,630,52.858
rep3,631,52.588
rep3,632,52.685
rep3,633,53.642
rep3,634,52.272
rep3,635,53.775
rep3,636,52.213
rep3,637,53.583
rep3,638,52.867
rep3,639,52.819
rep3,640,54.405
rep3,641,55.361
rep3,642,53.217
rep3,643,54.292
rep3,644,53.605
rep3,645,55.012
rep3,646,53.716
rep3,647,53.737
rep3,648,53.668
rep3,649,54.418
rep3,650,54.431
rep3,651,53.405
rep3,652,54.734
rep3,653,54.385
rep3,654,54.243
rep3,655,54.768
rep3,656,53.878
rep3,657,53.787
rep3,658,53.815
rep3,659,53.645
rep3,660,53.491
rep3,661,53.744
rep3,662,52.703
rep3,663,52.558
rep3,664,53.149
rep3,665,52.963
rep3,666,51.122
rep3,667,52.177
rep3,668,52.291
rep3,669,54.088
rep3,670,53.614
rep3,671,49.762
rep3,672,52.18
rep3,673,50.767
rep3,674,50.275
rep3,675,50.106
rep3,676,49.5
rep3,677,50.709
rep3,678,52.171
rep3,679,51.702
rep3,680,51.245
rep3,681,50.88
rep3,682,49.101
rep3,683,49.39
rep3,684,48.319
rep3,685,49.156
rep3,686,51.964
rep3,687,52.611
rep3,688,52.669
rep3,689,50.322
rep3,690,50.025
rep3,691,50.913
rep3,692,50.716
rep3,693,50.678
rep3,694,49.103
rep3,695,48.93
rep3,696,49.591
rep3,697,50.192
rep3,698,45.539
rep3,699,48.844
rep3,700,51.196
rep3,701,51.674
rep3,702,51.426
rep3,703,51.286
rep3,704,52.266
rep3,705,52.685
rep3,706,53.238
rep3,707,53.216
rep3,708,52.531
rep3,709,52.709
rep3,710,52.62
rep3,711,52.833
rep3,712,53.044
rep3,713,52.968
rep3,714,53.237
rep3,715,52.519
rep3,716,53.138
rep3,717,50.913
rep3,718,51.278
rep3,719,50.778
rep3,720,50.616
rep3,721,50.599
rep3,722,48.797
rep3,723,49.697
rep3,724,49.575
rep3,725,49.849
rep3,726,50.655
rep3,727,52.192
rep3,728,50.169
rep3,729,47.644
rep3,730,47.854
rep3,731,48.09
rep3,732,48.956
rep3,733,48.591
rep3,734,43.977
rep3,735,45.37
rep3,736,43.214
rep3,737,44.498
rep3,738,44.953
rep3,739,46.625
rep3,740,44.565
rep3,741,44.965
rep3,742,45.728
rep3,743,47.795
rep3,744,43.711
rep3,745,45.58
rep3,746,44.451
rep3,747,45.284
rep3,748,42.372
rep3,749,45.184
rep3,750,43.344
rep3,751,42.45
rep3,752,45.45
rep3,753,46.863
rep3,754,43.851
rep3,755,46.227
rep3,756,45.633
rep3,757,43.27
rep3,758,44.358
rep3,759,45.536
rep3,760,45.984
rep3,761,45.198
rep3,762,45.3
rep3,763,44.177
rep3,764,43.369
rep3,765,44.221
rep3,766,45.601
rep3,767,45.126
rep3,768,44.279
rep3,769,44.892
rep3,770,45.455
rep3,771,45.33
rep3,772,44.741
rep3,773,45.295
rep3,774,44.244
rep3,775,45.685
rep3,776,43.539
rep3,777,44.961
rep3,778,42.891
rep3,779,42.336
rep3,780,41.935
rep3,781,40.982
rep3,782,39.908
rep3,783,40.181
rep3,784,41.437
rep3,785,44.523
rep3,786,42.523
rep3,787,39.924
rep3,788,39.541
rep3,789,42.029
rep3,790,42.358
rep3,791,44.269
rep3,792,44.493
rep3,793,42.764
rep3,794,44.477
rep3,795,42.035
rep3,796,42.671
rep3,797,43.172
rep3,798,42.727
rep3,799,43.495
rep3,800,43.09
rep3,801,41.999
rep3,802,43.05
rep3,803,41.963
rep3,804,45.926
rep3,805,42.671
rep3,806,43.865
rep3,807,42.113
rep3,808,44.725
rep3,809,41.647
rep3,810,39.636
rep3,811,40.249
rep3,812,42.761
rep3,813,42.436
rep3,814,40.276
rep3,815,40.818
rep3,816,41.151
rep3,817,36.363
rep3,818,36.917
rep3,819,34.411
rep3,820,34.521
rep3,821,34.462
rep3,822,33.214
rep3,823,33.342
rep3,824,29.764
rep3,825,29.707
rep3,826,30.969
rep3,827,32.883
rep3,828,31.21
rep3,829,30.032
rep3,830,29.856
rep3,831,27.87
rep3,832,29.93
rep3,833,30.305
rep3,834,29.536
rep3,835,28.782
rep3,836,28.093
rep3,837,28.588
rep3,838,29.486
rep3,839,28.116
rep3,840,27.834
rep3,841,28.366
rep3,842,29.288
rep3,843,29.446
rep3,844,28.818
rep3,845,28.553
rep3,846,28.532
rep3,847,30.253
rep3,848,28.472
rep3,849,28.727
rep3,850,27.568
rep3,851,28.552
rep3,852,28.667
rep3,853,28.451
rep3,854,28.287
rep3,855,29.162
rep3,856,28.626
rep3,857,29.966
rep3,858,29.314
rep3,859,30.16
rep3,860,29.051
rep3,861,29.405
rep3,862,30.528
rep3,863,29.252
rep3,864,25.721
rep3,865,26.501
rep3,866,26.676
rep3,867,26.292
rep3,868,25.822
rep3,869,26.611
rep3,870,26.473
rep3,871,25.954
rep3,872,26.467
rep3,873,25.94
rep3,874,25.522
rep3,875,25.548
rep3,876,26.453
rep3,877,26.4
rep3,878,25.578
rep3,879,25.711
rep3,880,26.48
rep3,881,26.147
rep3,882,26.854
rep3,883,26.922
rep3,884,26.809
rep3,885,25.924
rep3,886,26.449
rep3,887,27.509
rep3,888,26.417
rep3,889,25.342
rep3,890,25.942
rep3,891,26.316
rep3,892,26.347
rep3,893,26.102
rep3,894,27.061
rep3,895,27.01
rep3,896,26.695
rep3,897,26.775
rep3,898,25.33
rep3,899,26.578
rep3,900,27.429
rep3,901,26.957
rep3,902,26.796
rep3,903,29.915
rep3,904,25.733
rep3,905,25.726
rep3,906,26.6
rep3,907,25.984
rep3,908,26.093
rep3,909,26.533
rep3,910,26.468
rep3,911,27.399
rep3,912,25.871
rep3,913,25.396
rep3,914,26.325
rep3,915,26.7
rep3,916,26.313
rep3,917,26.128
rep3,918,26.448
rep3,919,26.352
rep3,920,26.903
rep3,921,25.649
rep3,922,27.371
rep3,923,26.859
rep3,924,26.606
rep3,925,27.029
rep3,926,26.293
rep3,927,26.515
rep3,928,27.003
rep3,929,26.312
rep3,930,26.607
rep3,931,26.419
rep3,932,26.654
rep3,933,25.879
rep3,934,26.101
rep3,935,26.582
rep3,936,26.838
rep3,937,26.176
rep3,938,25.995
rep3,939,25.344
rep3,940,25.62
rep3,941,26.169
rep3,942,26.29
rep3,943,25.184
rep3,944,25.937
rep3,945,25.843
rep3,946,25.175
rep3,947,25.657
rep3,948,26.384
rep3,949,26.161
rep3,950,26.483
rep3,951,25.433
rep3,952,26.35
rep3,953,25.611
rep3,954,26.624
rep3,955,25.919
rep3,956,25.913
rep3,957,25.942
rep3,958,26.252
rep3,959,25.756
rep3,960,26.418
rep3,961,26.328
rep3,962,25.597
rep3,963,25.943
rep3,964,25.659
rep3,965,26.179
rep3,966,25.829
rep3,967,26.222
rep3,968,26.473
rep3,969,26.01
rep3,970,25.754
rep3,971,25.476
rep3,972,27.744
rep3,973,26.173
rep3,974,27.041
rep3,975,24.914
rep3,976,25.82
rep3,977,26.229
rep3,978,25.843
rep3,979,26.524
rep3,980,25.792
rep3,981,24.973
rep3,982,25.967
rep3,983,25.493
rep3,984,26.224
rep3,985,26.8
rep3,986,26.662
rep3,987,26.174
rep3,988,26.096
rep3,989,25.342
rep3,990,25.992
rep3,991,26.464
rep3,992,25.648
rep3,993,25.869
rep3,994,25.823
rep3,995,25.439
rep3,996,26.185
rep3,997,26.231
rep3,998,25.779
rep3,999,26.178
rep3,1000,25.765
rep4,0,0.0
rep4,1,0.929
rep4,2,0.442
rep4,3,0.858
rep4,4,1.355
rep4,5,0.844
rep4,6,1.311
rep4,7,0.872
rep4,8,0.818
rep4,9,0.196
rep4,10,0.81
rep4,11,0.957
rep4,12,1.322
rep4,13,1.541
rep4,14,1.248
rep4,15,1.737
rep4,16,2.825
rep4,17,3.008
rep4,18,2.671
rep4,19,2.18
rep4,20,2.034
rep4,21,2.667
rep4,22,1.849
rep4,23,1.903
rep4,24,2.241
rep4,25,1.238
rep4,26,0.582
rep4,27,1.802
rep4,28,0.957
rep4,29,5.52
rep4,30,4.102
rep4,31,3.5
rep4,32,3.806
rep4,33,3.339
rep4,34,2.855
rep4,35,3.364
rep4,36,2.947
rep4,37,3.208
rep4,38,3.179
rep4,39,3.0
rep4,40,3.01
rep4,41,3.652
rep4,42,3.873
rep4,43,3.691
rep4,44,2.358
rep4,45,2.307
rep4,46,3.001
rep4,47,3.313
rep4,48,3.357
rep4,49,3.616
rep4,50,2.452
rep4,51,2.269
rep4,52,2.373
rep4,53,2.884
rep4,54,3.094
rep4,55,2.843
rep4,56,3.034
rep4,57,3.834
rep4,58,2.739
rep4,59,2.498
rep4,60,2.685
rep4,61,2.381
rep4,62,2.361
rep4,63,2.55
rep4,64,2.234
rep4,65,2.998
rep4,66,3.068
rep4,67,2.735
rep4,68,3.093
rep4,69,3.551
rep4,70,2.03
rep4,71,2.895
rep4,72,3.01
rep4,73,3.075
rep4,74,2.766
rep4,75,3.129
rep4,76,2.349
rep4,77,2.148
rep4,78,2.039
rep4,79,2.71
rep4,80,1.693
rep4,81,2.268
rep4,82,2.573
rep4,83,1.788
rep4,84,3.659
rep4,85,2.967
rep4,86,3.514
rep4,87,3.387
rep4,88,2.724
rep4,89,2.769
rep4,90,3.914
rep4,91,2.865
rep4,92,2.292
rep4,93,2.972
rep4,94,2.326
rep4,95,3.073
rep4,96,2.754
rep4,97,2.743
rep4,98,3.503
rep4,99,3.084
rep4,100,2.066
rep4,101,2.393
rep4,102,2.792
rep4,103,3.237
rep4,104,3.778
rep4,105,3.877
rep4,106,3.807
rep4,107,3.731
rep4,108,3.997
rep4,109,2.511
rep4,110,2.947
rep4,111,3.4
rep4,112,4.159
rep4,113,3.102
rep4,114,2.976
rep4,115,2.704
rep4,116,2.944
rep4,117,2.896
rep4,118,2.187
rep4,119,2.27
rep4,120,3.304
rep4,121,5.105
rep4,122,2.876
rep4,123,2.758
rep4,124,3.507
rep4,125,3.045
rep4,126,2.223
rep4,127,1.486
rep4,128,1.522
rep4,129,1.825
rep4,130,1.796
rep4,131,2.563
rep4,132,2.409
rep4,133,2.976
rep4,134,2.506
rep4,135,2.554
rep4,136,2.124
rep4,137,2.411
rep4,138,2.15
rep4,139,2.427
rep4,140,2.474
rep4,141,2.471
rep4,142,2.342
rep4,143,2.617
rep4,144,2.545
rep4,145,2.381
rep4,146,2.882
rep4,147,3.651
rep4,148,2.271
rep4,149,2.093
rep4,150,2.667
rep4,151,2.178
rep4,152,2.003
rep4,153,2.5
rep4,154,2.32
rep4,155,3.032
rep4,156,2.936
rep4,157,2.856
rep4,158,2.681
rep4,159,2.427
rep4,160,2.553
rep4,161,2.812
rep4,162,2.654
rep4,163,2.626
rep4,164,2.231
rep4,165,1.635
rep4,166,3.824
rep4,167,3.065
rep4,168,2.121
rep4,169,2.793
rep4,170,3.034
rep4,171,2.355
rep4,172,2.537
rep4,173,2.52
rep4,174,3.105
rep4,175,4.102
rep4,176,2.957
rep4,177,3.404
rep4,178,4.125
rep4,179,2.949
rep4,180,3.046
rep4,181,3.649
rep4,182,3.489
rep4,183,3.458
rep4,184,4.549
rep4,185,4.328
rep4,186,3.579
rep4,187,4.273
rep4,188,3.575
rep4,189,2.949
rep4,190,3.187
rep4,191,4.065
rep4,192,3.219
rep4,193,2.463
rep4,194,3.592
rep4,195,3.173
rep4,196,2.854
rep4,197,3.767
rep4,198,2.281
rep4,199,3.142
rep4,200,2.957
rep4,201,2.918
rep4,202,3.789
rep4,203,3.731
rep4,204,3.975
rep4,205,3.277
rep4,206,3.46
rep4,207,3.923
rep4,208,2.689
rep4,209,4.402
rep4,210,3.698
rep4,211,3.266
rep4,212,5.473
rep4,213,5.56
rep4,214,4.385
rep4,215,4.887
rep4,216,4.998
rep4,217,5.715
rep4,218,5.604
rep4,219,4.636
rep4,220,5.796
rep4,221,4.345
rep4,222,4.888
rep4,223,4.337
rep4,224,5.86
rep4,225,5.836
rep4,226,5.365
rep4,227,6.358
rep4,228,8.936
rep4,229,7.198
rep4,230,7.137
rep4,231,5.128
rep4,232,5.543
rep4,233,4.655
rep4,234,7.554
rep4,235,6.268
rep4,236,6.827
rep4,237,6.004
rep4,238,7.202
rep4,239,7.206
rep4,240,7.559
rep4,241,7.37
rep4,242,7.681
rep4,243,6.783
rep4,244,6.879
rep4,245,5.772
rep4,246,6.696
rep4,247,6.651
rep4,248,7.609
rep4,249,6.397
rep4,250,7.292
rep4,251,7.232
rep4,252,7.902
rep4,253,6.828
rep4,254,6.895
rep4,255,6.841
rep4,256,8.183
rep4,257,6.61
rep4,258,6.582
rep4,259,9.066
rep4,260,6.214
rep4,261,5.434
rep4,262,7.089
rep4,263,8.401
rep4,264,6.263
rep4,265,6.534
rep4,266,7.157
rep4,267,6.671
rep4,268,7.421
rep4,269,6.606
rep4,270,9.38
rep4,271,7.73
rep4,272,8.714
rep4,273,9.105
rep4,274,8.057
rep4,275,8.441
rep4,276,7.688
rep4,277,7.275
rep4,278,8.582
rep4,279,8.515
rep4,280,7.948
rep4,281,8.282
rep4,282,8.91
rep4,283,9.005
rep4,284,8.815
rep4,285,8.239
rep4,286,8.305
rep4,287,7.928
rep4,288,8.224
rep4,289,8.252
rep4,290,7.18
rep4,291,6.612
rep4,292,6.207
rep4,293,4.655
rep4,294,4.804
rep4,295,7.976
rep4,296,10.076
rep4,297,5.963
rep4,298,6.402
rep4,299,4.644
rep4,300,4.298
rep4,301,4.577
rep4,302,4.548
rep4,303,7.521
rep4,304,5.996
rep4,305,6.887
rep4,306,8.257
rep4,307,8.034
rep4,308,6.929
rep4,309,8.378
rep4,310,10.071
rep4,311,8.399
rep4,312,8.314
rep4,313,8.605
rep4,314,10.614
rep4,315,7.371
rep4,316,7.072
rep4,317,8.659
rep4,318,7.069
rep4,319,7.759
rep4,320,10.449
rep4,321,6.741
rep4,322,4.218
rep4,323,5.52
rep4,324,4.611
rep4,325,4.862
rep4,326,5.122
rep4,327,5.58
rep4,328,8.716
rep4,329,11.063
rep4,330,8.794
rep4,331,9.581
rep4,332,8.565
rep4,333,8.961
rep4,334,9.591
rep4,335,12.202
rep4,336,12.576
rep4,337,12.384
rep4,338,12.383
rep4,339,11.554
rep4,340,10.294
rep4,341,13.274
rep4,342,13.565
rep4,343,12.819
rep4,344,11.657
rep4,345,12.66
rep4,346,12.167
rep4,347,12.603
rep4,348,12.854
rep4,349,12.201
rep4,350,9.662
rep4,351,9.878
rep4,352,10.541
rep4,353,12.849
rep4,354,11.892
rep4,355,12.36
rep4,356,11.88
rep4,357,10.808
rep4,358,11.296
rep4,359,7.154
rep4,360,6.654
rep4,361,7.704
rep4,362,8.387
rep4,363,6.405
rep4,364,7.901
rep4,365,7.799
rep4,366,7.193
rep4,367,8.878
rep4,368,8.093
rep4,369,8.135
rep4,370,8.307
rep4,371,8.288
rep4,372,7.885
rep4,373,7.288
rep4,374,9.071
rep4,375,6.069
rep4,376,10.036
rep4,377,8.428
rep4,378,9.052
rep4,379,9.07
rep4,380,8.597
rep4,381,11.17
rep4,382,15.27
rep4,383,19.019
rep4,384,35.079
rep4,385,37.686
rep4,386,40.481
rep4,387,34.493
rep4,388,40.145
rep4,389,44.682
rep4,390,49.966
rep4,391,41.158
rep4,392,50.583
rep4,393,56.451
rep4,394,56.011
rep4,395,55.001
rep4,396,56.168
rep4,397,66.598
rep4,398,54.009
rep4,399,48.579
rep4,400,50.886
rep4,401,49.968
rep4,402,60.106
rep4,403,72.783
rep4,404,52.077
rep4,405,62.129
rep4,406,65.083
rep4,407,29.669
rep4,408,74.153
rep4,409,75.892
rep4,410,33.572
rep4,411,34.223
rep4,412,28.008
rep4,413,24.003
rep4,414,22.226
rep4,415,26.339
rep4,416,23.737
rep4,417,17.139
rep4,418,9.126
rep4,419,8.856
rep4,420,9.612
rep4,421,10.312
rep4,422,11.198
rep4,423,7.982
rep4,424,6.126
rep4,425,7.286
rep4,426,7.257
rep4,427,6.661
rep4,428,5.481
rep4,429,5.684
rep4,430,4.803
rep4,431,5.36
rep4,432,5.46
rep4,433,6.963
rep4,434,7.661
rep4,435,8.918
rep4,436,10.394
rep4,437,15.028
rep4,438,12.729
rep4,439,13.347
rep4,440,10.971
rep4,441,12.439
rep4,442,11.25
rep4,443,11.593
rep4,444,11.388
rep4,445,10.925
rep4,446,10.779
rep4,447,10.005
rep4,448,10.793
rep4,449,9.377
rep4,450,11.423
rep4,451,10.569
rep4,452,9.526
rep4,453,9.325
rep4,454,8.796
rep4,455,9.097
rep4,456,8.672
rep4,457,10.07
rep4,458,10.691
rep4,459,9.017
rep4,460,10.06
rep4,461,8.679
rep4,462,9.985
rep4,463,9.04
rep4,464,10.098
rep4,465,10.478
rep4,466,6.273
rep4,467,8.591
rep4,468,7.432
rep4,469,9.099
rep4,470,9.596
rep4,471,11.75
rep4,472,10.004
rep4,473,10.866
rep4,474,9.676
rep4,475,10.801
rep4,476,9.028
rep4,477,8.304
rep4,478,9.906
rep4,479,8.972
rep4,480,8.693
rep4,481,6.936
rep4,482,9.781
rep4,483,10.584
rep4,484,14.466
rep4,485,11.924
rep4,486,14.792
rep4,487,13.074
rep4,488,12.853
rep4,489,16.875
rep4,490,17.565
rep4,491,15.391
rep4,492,10.507
rep4,493,10.828
rep4,494,11.146
rep4,495,12.092
rep4,496,12.714
rep4,497,12.225
rep4,498,13.386
rep4,499,15.159
rep4,500,12.204
rep4,501,12.483
rep4,502,10.857
rep4,503,9.256
rep4,504,8.643
rep4,505,11.534
rep4,506,11.958
rep4,507,8.209
rep4,508,9.313
rep4,509,9.011
rep4,510,7.936
rep4,511,9.615
rep4,512,9.889
rep4,513,10.153
rep4,514,9.981
rep4,515,9.594
rep4,516,8.792
rep4,517,9.096
rep4,518,8.802
rep4,519,8.95
rep4,520,11.352
rep4,521,11.657
rep4,522,11.919
rep4,523,10.339
rep4,524,10.314
rep4,525,11.241
rep4,526,10.002
rep4,527,9.563
rep4,528,11.247
rep4,529,9.981
rep4,530,10.267
rep4,531,9.963
rep4,532,9.554
rep4,533,9.357
rep4,534,9.941
rep4,535,10.544
rep4,536,14.455
rep4,537,14.634
rep4,538,13.644
rep4,539,16.275
rep4,540,9.747
rep4,541,9.65
rep4,542,10.276
rep4,543,11.505
rep4,544,10.381
rep4,545,9.672
rep4,546,9.316
rep4,547,8.984
rep4,548,7.458
rep4,549,9.89
rep4,550,9.592
rep4,551,8.839
rep4,552,8.88
rep4,553,9.932
rep4,554,8.849
rep4,555,8.917
rep4,556,9.536
rep4,557,9.267
rep4,558,10.004
rep4,559,10.959
rep4,560,10.26
rep4,561,10.495
rep4,562,10.105
rep4,563,10.858
rep4,564,12.018
rep4,565,15.621
rep4,566,17.616
rep4,567,12.58
rep4,568,14.451
rep4,569,13.962
rep4,570,12.395
rep4,571,12.943
rep4,572,12.694
rep4,573,12.338
rep4,574,12.84
rep4,575,12.658
rep4,576,11.487
rep4,577,13.61
rep4,578,15.587
rep4,579,13.904
rep4,580,13.399
rep4,581,14.361
rep4,582,13.856
rep4,583,12.438
rep4,584,13.154
rep4,585,12.367
rep4,586,14.884
rep4,587,13.829
rep4,588,13.23
rep4,589,10.439
rep4,590,10.005
rep4,591,9.838
rep4,592,8.927
rep4,593,8.122
rep4,594,9.61
rep4,595,9.513
rep4,596,7.511
rep4,597,9.332
rep4,598,9.693
rep4,599,9.969
rep4,600,10.029
rep4,601,8.16
rep4,602,7.567
rep4,603,10.057
rep4,604,11.246
rep4,605,8.605
rep4,606,6.716
rep4,607,8.321
rep4,608,10.42
rep4,609,21.683
rep4,610,28.141
rep4,611,34.3
rep4,612,31.833
rep4,613,25.837
rep4,614,21.093
rep4,615,20.952
rep4,616,18.427
rep4,617,24.584
rep4,618,23.481
rep4,619,19.372
rep4,620,16.265
rep4,621,20.295
rep4,622,23.516
rep4,623,23.278
rep4,624,27.01
rep4,625,25.203
rep4,626,25.853
rep4,627,26.025
rep4,628,33.93
rep4,629,31.144
rep4,630,32.655
rep4,631,34.156
rep4,632,33.321
rep4,633,33.022
rep4,634,37.501
rep4,635,40.659
rep4,636,42.405
rep4,637,38.212
rep4,638,40.089
rep4,639,36.752
rep4,640,37.423
rep4,641,38.289
rep4,642,35.257
rep4,643,40.84
rep4,644,39.167
rep4,645,35.792
rep4,646,33.754
rep4,647,36.488
rep4,648,34.122
rep4,649,34.546
rep4,650,35.921
rep4,651,39.831
rep4,652,45.399
rep4,653,40.631
rep4,654,41.125
rep4,655,38.385
rep4,656,38.324
rep4,657,36.928
rep4,658,36.724
rep4,659,37.098
rep4,660,37.349
rep4,661,37.956
rep4,662,36.962
rep4,663,35.736
rep4,664,37.288
rep4,665,36.482
rep4,666,37.343
rep4,667,36.235
rep4,668,35.879
rep4,669,36.748
rep4,670,36.329
rep4,671,35.982
rep4,672,36.067
rep4,673,36.186
rep4,674,37.318
rep4,675,37.815
rep4,676,37.638
rep4,677,38.309
rep4,678,38.564
rep4,679,39.028
rep4,680,37.588
rep4,681,37.921
rep4,682,37.449
rep4,683,37.335
rep4,684,36.359
rep4,685,35.985
rep4,686,36.282
rep4,687,37.556
rep4,688,37.346
rep4,689,36.541
rep4,690,37.5
rep4,691,37.091
rep4,692,37.669
rep4,693,37.244
rep4,694,37.986
rep4,695,37.403
rep4,696,38.091
rep4,697,37.682
rep4,698,38.117
rep4,699,38.434
rep4,700,38.102
rep4,701,36.213
rep4,702,38.666
rep4,703,37.249
rep4,704,36.696
rep4,705,36.004
rep4,706,36.209
rep4,707,36.059
rep4,708,36.073
rep4,709,36.751
rep4,710,36.96
rep4,711,37.386
rep4,712,35.853
rep4,713,37.073
rep4,714,38.258
rep4,715,37.851
rep4,716,37.529
rep4,717,35.999
rep4,718,36.307
rep4,719,36.417
rep4,720,37.501
rep4,721,37.056
rep4,722,36.503
rep4,723,36.314
rep4,724,35.463
rep4,725,39.294
rep4,726,39.248
rep4,727,36.947
rep4,728,36.584
rep4,729,36.86
rep4,730,37.346
rep4,731,36.701
rep4,732,37.346
rep4,733,37.474
rep4,734,38.032
rep4,735,37.48
rep4,736,37.084
rep4,737,37.384
rep4,738,36.121
rep4,739,37.941
rep4,740,36.378
rep4,741,37.347
rep4,742,38.649
rep4,743,36.481
rep4,744,37.564
rep4,745,38.528
rep4,746,38.359
rep4,747,37.588
rep4,748,37.806
rep4,749,37.726
rep4,750,35.119
rep4,751,35.718
rep4,752,36.691
rep4,753,36.683
rep4,754,37.37
rep4,755,36.303
rep4,756,36.852
rep4,757,37.775
rep4,758,37.451
rep4,759,38.178
rep4,760,38.607
rep4,761,37.998
rep4,762,37.267
rep4,763,38.381
rep4,764,38.343
rep4,765,38.026
rep4,766,37.115
rep4,767,38.732
rep4,768,38.412
rep4,769,38.078
rep4,770,36.605
rep4,771,37.021
rep4,772,36.358
rep4,773,37.534
rep4,774,37.602
rep4,775,35.742
rep4,776,36.813
rep4,777,36.651
rep4,778,36.685
rep4,779,36.573
rep4,780,37.286
rep4,781,38.247
rep4,782,38.35
rep4,783,38.135
rep4,784,38.462
rep4,785,38.078
rep4,786,38.009
rep4,787,38.29
rep4,788,38.489
rep4,789,36.704
rep4,790,38.307
rep4,791,37.558
rep4,792,37.486
rep4,793,37.581
rep4,794,37.302
rep4,795,38.693
rep4,796,37.902
rep4,797,38.46
rep4,798,37.52
rep4,799,38.218
rep4,800,38.184
rep4,801,37.967
rep4,802,37.062
rep4,803,37.963
rep4,804,36.786
rep4,805,37.699
rep4,806,38.584
rep4,807,37.584
rep4,808,38.045
rep4,809,36.65
rep4,810,37.53
rep4,811,37.231
rep4,812,37.934
rep4,813,37.707
rep4,814,38.509
rep4,815,40.691
rep4,816,42.708
rep4,817,40.694
rep4,818,39.809
rep4,819,38.165
rep4,820,38.754
rep4,821,38.931
rep4,822,38.603
rep4,823,38.297
rep4,824,38.231
rep4,825,36.993
rep4,826,36.824
rep4,827,37.995
rep4,828,39.216
rep4,829,38.464
rep4,830,38.994
rep4,831,38.303
rep4,832,38.128
rep4,833,37.505
rep4,834,39.938
rep4,835,38.831
rep4,836,36.877
rep4,837,37.218
rep4,838,37.934
rep4,839,38.526
rep4,840,38.253
rep4,841,38.43
rep4,842,38.004
rep4,843,38.217
rep4,844,38.522
rep4,845,38.079
rep4,846,38.619
rep4,847,38.05
rep4,848,38.662
rep4,849,38.616
rep4,850,39.155
rep4,851,37.923
rep4,852,38.201
rep4,853,38.045
rep4,854,38.644
rep4,855,37.733
rep4,856,37.972
rep4,857,38.264
rep4,858,38.726
rep4,859,38.703
rep4,860,38.816
rep4,861,38.545
rep4,862,38.198
rep4,863,38.395
rep4,864,38.16
rep4,865,37.62
rep4,866,38.283
rep4,867,38.71
rep4,868,38.301
rep4,869,38.702
rep4,870,37.222
rep4,871,38.163
rep4,872,37.671
rep4,873,37.792
rep4,874,38.513
rep4,875,37.917
rep4,876,38.071
rep4,877,39.084
rep4,878,37.946
rep4,879,38.29
rep4,880,38.574
rep4,881,37.796
rep4,882,39.032
rep4,883,38.718
rep4,884,38.639
rep4,885,38.183
rep4,886,37.298
rep4,887,37.83
rep4,888,37.575
rep4,889,38.023
rep4,890,37.761
rep4,891,37.466
rep4,892,38.74
rep4,893,38.438
rep4,894,36.953
rep4,895,37.899
rep4,896,37.161
rep4,897,38.043
rep4,898,37.496
rep4,899,36.594
rep4,900,36.46
rep4,901,37.768
rep4,902,37.588
rep4,903,38.266
rep4,904,38.129
rep4,905,38.317
rep4,906,38.709
rep4,907,37.528
rep4,908,37.813
rep4,909,37.763
rep4,910,38.3
rep4,911,38.221
rep4,912,38.541
rep4,913,37.824
rep4,914,37.99
rep4,915,39.184
rep4,916,38.447
rep4,917,38.011
rep4,918,38.328
rep4,919,38.625
rep4,920,38.015
rep4,921,37.574
rep4,922,37.521
rep4,923,39.0
rep4,924,38.108
rep4,925,38.051
rep4,926,38.501
rep4,927,37.633
rep4,928,37.858
rep4,929,39.714
rep4,930,38.565
rep4,931,38.295
rep4,932,37.628
rep4,933,38.041
rep4,934,38.531
rep4,935,38.263
rep4,936,37.935
rep4,937,38.576
rep4,938,37.823
rep4,939,37.533
rep4,940,38.375
rep4,941,37.767
rep4,942,38.706
rep4,943,38.558
rep4,944,38.165
rep4,945,38.631
rep4,946,38.531
rep4,947,37.943
rep4,948,38.103
rep4,949,38.208
rep4,950,37.797
rep4,951,37.702
rep4,952,38.32
rep4,953,38.689
rep4,954,38.359
rep4,955,38.704
rep4,956,36.012
rep4,957,38.239
rep4,958,38.326
rep4,959,38.113
rep4,960,37.569
rep4,961,38.532
rep4,962,37.854
rep4,963,37.831
rep4,964,37.815
rep4,965,38.486
rep4,966,38.075
rep4,967,38.893
rep4,968,37.993
rep4,969,38.561
rep4,970,37.711
rep4,971,38.773
rep4,972,38.815
rep4,973,38.678
rep4,974,38.881
rep4,975,38.478
rep4,976,38.302
rep4,977,38.332
rep4,978,38.01
rep4,979,38.497
rep4,980,36.941
rep4,981,38.242
rep4,982,38.144
rep4,983,38.532
rep4,984,37.884
rep4,985,37.937
rep4,986,37.982
rep4,987,38.316
rep4,988,37.072
rep4,989,37.408
rep4,990,38.07
rep4,991,38.203
rep4,992,37.846
rep4,993,36.909
rep4,994,37.635
rep4,995,39.037
rep4,996,37.664
rep4,997,39.217
rep4,998,38.698
rep4,999,38.857
rep4,1000,37.686
rep5,0,0.0
rep5,1,0.48
rep5,2,1.158
rep5,3,0.848
rep5,4,1.027
rep5,5,0.741
rep5,6,2.05
rep5,7,2.578
rep5,8,1.646
rep5,9,2.068
rep5,10,2.117
rep5,11,1.247
rep5,12,2.273
rep5,13,1.285
rep5,14,0.69
rep5,15,1.192
rep5,16,1.056
rep5,17,2.155
rep5,18,2.103
rep5,19,1.675
rep5,20,1.616
rep5,21,1.164
rep5,22,1.868
rep5,23,1.851
rep5,24,1.756
rep5,25,1.35
rep5,26,1.346
rep5,27,3.276
rep5,28,2.638
rep5,29,5.258
rep5,30,5.308
rep5,31,4.99
rep5,32,5.203
rep5,33,3.685
rep5,34,4.559
rep5,35,4.58
rep5,36,4.13
rep5,37,4.516
rep5,38,4.264
rep5,39,4.757
rep5,40,4.405
rep5,41,3.83
rep5,42,5.621
rep5,43,5.887
rep5,44,5.228
rep5,45,5.311
rep5,46,4.933
rep5,47,4.463
rep5,48,4.631
rep5,49,4.354
rep5,50,4.229
rep5,51,4.629
rep5,52,4.636
rep5,53,4.922
rep5,54,4.407
rep5,55,4.192
rep5,56,4.245
rep5,57,3.837
rep5,58,3.433
rep5,59,5.688
rep5,60,4.248
rep5,61,3.84
rep5,62,3.668
rep5,63,4.251
rep5,64,3.521
rep5,65,4.315
rep5,66,4.712
rep5,67,4.484
rep5,68,4.47
rep5,69,4.469
rep5,70,4.504
rep5,71,4.12
rep5,72,4.481
rep5,73,4.266
rep5,74,4.813
rep5,75,3.78
rep5,76,3.553
rep5,77,3.735
rep5,78,4.4
rep5,79,4.516
rep5,80,4.166
rep5,81,4.744
rep5,82,4.781
rep5,83,4.633
rep5,84,4.985
rep5,85,4.995
rep5,86,4.544
rep5,87,4.052
rep5,88,4.62
rep5,89,4.399
rep5,90,4.175
rep5,91,4.903
rep5,92,4.362
rep5,93,4.172
rep5,94,5.533
rep5,95,5.179
rep5,96,5.298
rep5,97,7.52
rep5,98,7.007
rep5,99,4.36
rep5,100,3.654
rep5,101,4.771
rep5,102,5.771
rep5,103,5.592
rep5,104,5.125
rep5,105,5.829
rep5,106,4.771
rep5,107,5.512
rep5,108,5.69
rep5,109,4.015
rep5,110,4.242
rep5,111,5.723
rep5,112,3.361
rep5,113,4.491
rep5,114,5.027
rep5,115,4.641
rep5,116,6.146
rep5,117,4.838
rep5,118,4.818
rep5,119,5.932
rep5,120,5.788
rep5,121,5.431
rep5,122,5.831
rep5,123,6.029
rep5,124,5.611
rep5,125,5.957
rep5,126,5.861
rep5,127,5.657
rep5,128,5.953
rep5,129,6.067
rep5,130,6.412
rep5,131,6.653
rep5,132,6.633
rep5,133,5.927
rep5,134,6.548
rep5,135,5.863
rep5,136,5.782
rep5,137,6.296
rep5,138,5.818
rep5,139,5.881
rep5,140,5.657
rep5,141,5.83
rep5,142,5.042
rep5,143,4.835
rep5,144,5.18
rep5,145,4.944
rep5,146,5.032
rep5,147,3.855
rep5,148,4.093
rep5,149,5.194
rep5,150,4.513
rep5,151,4.847
rep5,152,4.62
rep5,153,3.973
rep5,154,3.283
rep5,155,4.554
rep5,156,3.552
rep5,157,4.763
rep5,158,3.516
rep5,159,4.271
rep5,160,3.829
rep5,161,5.661
rep5,162,5.476
rep5,163,6.085
rep5,164,5.238
rep5,165,6.232
rep5,166,6.254
rep5,167,6.601
rep5,168,5.871
rep5,169,6.031
rep5,170,7.121
rep5,171,6.067
rep5,172,6.726
rep5,173,6.781
rep5,174,6.914
rep5,175,6.541
rep5,176,6.177
rep5,177,7.018
rep5,178,6.92
rep5,179,6.546
rep5,180,6.342
rep5,181,5.888
rep5,182,5.864
rep5,183,6.079
rep5,184,5.976
rep5,185,5.836
rep5,186,5.014
rep5,187,6.384
rep5,188,6.223
rep5,189,5.407
rep5,190,6.269
rep5,191,6.255
rep5,192,5.872
rep5,193,6.011
rep5,194,4.678
rep5,195,5.447
rep5,196,5.219
rep5,197,5.75
rep5,198,5.869
rep5,199,5.839
rep5,200,5.638
rep5,201,5.896
rep5,202,5.852
rep5,203,5.903
rep5,204,4.791
rep5,205,5.754
rep5,206,5.985
rep5,207,5.555
rep5,208,4.807
rep5,209,5.313
rep5,210,5.644
rep5,211,5.545
rep5,212,5.648
rep5,213,5.777
rep5,214,5.96
rep5,215,5.154
rep5,216,6.176
rep5,217,4.534
rep5,218,5.051
rep5,219,4.41
rep5,220,6.469
rep5,221,7.417
rep5,222,7.864
rep5,223,6.555
rep5,224,7.409
rep5,225,7.306
rep5,226,6.0
rep5,227,6.047
rep5,228,7.1
rep5,229,10.408
rep5,230,10.829
rep5,231,7.444
rep5,232,8.176
rep5,233,7.04
rep5,234,9.257
rep5,235,8.498
rep5,236,8.859
rep5,237,9.299
rep5,238,10.488
rep5,239,9.79
rep5,240,9.747
rep5,241,9.791
rep5,242,10.666
rep5,243,10.785
rep5,244,11.564
rep5,245,10.443
rep5,246,11.354
rep5,247,11.042
rep5,248,10.43
rep5,249,10.879
rep5,250,11.233
rep5,251,12.305
rep5,252,11.511
rep5,253,11.168
rep5,254,12.152
rep5,255,12.015
rep5,256,11.392
rep5,257,11.512
rep5,258,10.654
rep5,259,10.291
rep5,260,11.196
rep5,261,10.71
rep5,262,11.238
rep5,263,10.711
rep5,264,10.778
rep5,265,10.418
rep5,266,10.26
rep5,267,10.418
rep5,268,9.978
rep5,269,10.405
rep5,270,10.718
rep5,271,10.114
rep5,272,12.34
rep5,273,10.852
rep5,274,10.089
rep5,275,10.356
rep5,276,10.455
rep5,277,10.497
rep5,278,11.078
rep5,279,10.494
rep5,280,10.824
rep5,281,10.321
rep5,282,10.837
rep5,283,11.122
rep5,284,11.215
rep5,285,11.136
rep5,286,10.452
rep5,287,10.918
rep5,288,10.064
rep5,289,9.3
rep5,290,11.083
rep5,291,10.703
rep5,292,11.089
rep5,293,11.306
rep5,294,10.726
rep5,295,10.222
rep5,296,10.808
rep5,297,11.469
rep5,298,11.804
rep5,299,10.433
rep5,300,8.201
rep5,301,8.285
rep5,302,9.307
rep5,303,7.822
rep5,304,8.956
rep5,305,8.749
rep5,306,8.099
rep5,307,8.816
rep5,308,9.018
rep5,309,8.512
rep5,310,9.286
rep5,311,8.976
rep5,312,8.507
rep5,313,7.73
rep5,314,8.455
rep5,315,9.428
rep5,316,9.366
rep5,317,9.305
rep5,318,8.818
rep5,319,10.864
rep5,320,9.113
rep5,321,9.402
rep5,322,9.574
rep5,323,10.148
rep5,324,9.681
rep5,325,9.071
rep5,326,7.256
rep5,327,7.589
rep5,328,7.204
rep5,329,6.906
rep5,330,7.84
rep5,331,6.703
rep5,332,8.129
rep5,333,6.63
rep5,334,7.645
rep5,335,7.149
rep5,336,8.625
rep5,337,7.459
rep5,338,8.447
rep5,339,9.798
rep5,340,9.309
rep5,341,8.226
rep5,342,7.743
rep5,343,7.692
rep5,344,8.164
rep5,345,7.962
rep5,346,7.429
rep5,347,7.663
rep5,348,7.274
rep5,349,6.971
rep5,350,7.702
rep5,351,7.392
rep5,352,7.69
rep5,353,7.101
rep5,354,6.454
rep5,355,7.369
rep5,356,7.543
rep5,357,7.823
rep5,358,7.35
rep5,359,6.795
rep5,360,6.945
rep5,361,7.158
rep5,362,6.817
rep5,363,8.013
rep5,364,6.927
rep5,365,7.181
rep5,366,7.102
rep5,367,7.247
rep5,368,6.408
rep5,369,7.375
rep5,370,8.719
rep5,371,7.694
rep5,372,7.84
rep5,373,8.878
rep5,374,8.693
rep5,375,8.061
rep5,376,7.966
rep5,377,8.223
rep5,378,8.079
rep5,379,7.985
rep5,380,7.878
rep5,381,9.734
rep5,382,10.609
rep5,383,10.912
rep5,384,10.609
rep5,385,10.778
rep5,386,9.246
rep5,387,10.748
rep5,388,9.439
rep5,389,7.06
rep5,390,7.068
rep5,391,7.51
rep5,392,7.648
rep5,393,6.998
rep5,394,6.05
rep5,395,5.845
rep5,396,6.993
rep5,397,7.325
rep5,398,5.797
rep5,399,9.264
rep5,400,10.052
rep5,401,7.764
rep5,402,8.455
rep5,403,9.606
rep5,404,9.765
rep5,405,6.839
rep5,406,6.754
rep5,407,6.895
rep5,408,7.471
rep5,409,8.04
rep5,410,7.231
rep5,411,7.106
rep5,412,7.562
rep5,413,7.548
rep5,414,8.086
rep5,415,7.675
rep5,416,7.805
rep5,417,7.924
rep5,418,7.686
rep5,419,7.887
rep5,420,7.652
rep5,421,7.451
rep5,422,6.711
rep5,423,7.489
rep5,424,6.651
rep5,425,7.231
rep5,426,7.332
rep5,427,7.509
rep5,428,7.625
rep5,429,7.238
rep5,430,7.606
rep5,431,8.362
rep5,432,7.745
rep5,433,8.128
rep5,434,8.095
rep5,435,7.354
rep5,436,8.24
rep5,437,7.908
rep5,438,7.684
rep5,439,7.161
rep5,440,6.427
rep5,441,6.463
rep5,442,6.61
rep5,443,7.068
rep5,444,6.147
rep5,445,7.216
rep5,446,6.165
rep5,447,6.674
rep5,448,7.874
rep5,449,7.634
rep5,450,6.85
rep5,451,7.105
rep5,452,6.701
rep5,453,9.087
rep5,454,7.807
rep5,455,8.82
rep5,456,7.832
rep5,457,6.783
rep5,458,7.476
rep5,459,7.412
rep5,460,8.888
rep5,461,8.226
rep5,462,9.687
rep5,463,8.507
rep5,464,10.71
rep5,465,10.549
rep5,466,11.537
rep5,467,10.812
rep5,468,9.691
rep5,469,9.891
rep5,470,8.225
rep5,471,7.487
rep5,472,8.864
rep5,473,8.137
rep5,474,8.409
rep5,475,7.341
rep5,476,8.48
rep5,477,8.77
rep5,478,7.207
rep5,479,8.142
rep5,480,8.015
rep5,481,8.323
rep5,482,8.393
rep5,483,7.901
rep5,484,7.854
rep5,485,7.94
rep5,486,7.326
rep5,487,7.01
rep5,488,7.081
rep5,489,7.73
rep5,490,7.531
rep5,491,6.993
rep5,492,7.84
rep5,493,8.131
rep5,494,7.822
rep5,495,6.926
rep5,496,7.323
rep5,497,7.402
rep5,498,7.808
rep5,499,6.993
rep5,500,7.184
rep5,501,7.789
rep5,502,7.716
rep5,503,7.459
rep5,504,10.745
rep5,505,9.991
rep5,506,10.919
rep5,507,10.443
rep5,508,11.145
rep5,509,12.136
rep5,510,9.657
rep5,511,8.29
rep5,512,9.302
rep5,513,8.381
rep5,514,7.654
rep5,515,7.642
rep5,516,7.271
rep5,517,7.666
rep5,518,10.292
rep5,519,9.19
rep5,520,10.469
rep5,521,9.512
rep5,522,7.96
rep5,523,7.993
rep5,524,8.792
rep5,525,7.748
rep5,526,7.666
rep5,527,7.744
rep5,528,7.978
rep5,529,8.129
rep5,530,8.015
rep5,531,7.476
rep5,532,7.239
rep5,533,6.222
rep5,534,7.488
rep5,535,7.326
rep5,536,7.694
rep5,537,8.39
rep5,538,7.17
rep5,539,7.715
rep5,540,7.806
rep5,541,7.722
rep5,542,6.889
rep5,543,6.33
rep5,544,7.579
rep5,545,6.471
rep5,546,7.376
rep5,547,6.067
rep5,548,6.747
rep5,549,7.64
rep5,550,6.632
rep5,551,6.392
rep5,552,6.941
rep5,553,6.804
rep5,554,6.946
rep5,555,7.558
rep5,556,6.564
rep5,557,7.22
rep5,558,6.306
rep5,559,7.333
rep5,560,7.103
rep5,561,6.947
rep5,562,8.248
rep5,563,6.841
rep5,564,6.267
rep5,565,6.255
rep5,566,6.846
rep5,567,7.374
rep5,568,7.085
rep5,569,6.999
rep5,570,6.442
rep5,571,7.275
rep5,572,6.07
rep5,573,6.027
rep5,574,6.502
rep5,575,6.111
rep5,576,7.002
rep5,577,6.438
rep5,578,6.383
rep5,579,6.644
rep5,580,8.105
rep5,581,5.857
rep5,582,7.264
rep5,583,7.197
rep5,584,6.981
rep5,585,7.52
rep5,586,6.737
rep5,587,9.842
rep5,588,7.537
rep5,589,6.891
rep5,590,7.3
rep5,591,7.594
rep5,592,7.816
rep5,593,6.502
rep5,594,7.367
rep5,595,7.549
rep5,596,7.959
rep5,597,8.177
rep5,598,8.939
rep5,599,8.472
rep5,600,8.237
rep5,601,8.19
rep5,602,7.99
rep5,603,7.448
rep5,604,7.685
rep5,605,6.627
rep5,606,7.797
rep5,607,8.003
rep5,608,9.057
rep5,609,8.378
rep5,610,7.449
rep5,611,8.201
rep5,612,8.327
rep5,613,7.575
rep5,614,7.978
rep5,615,8.231
rep5,616,8.404
rep5,617,7.881
rep5,618,8.544
rep5,619,8.338
rep5,620,8.321
rep5,621,9.579
rep5,622,9.618
rep5,623,8.37
rep5,624,8.469
rep5,625,8.482
rep5,626,8.447
rep5,627,10.326
rep5,628,10.456
rep5,629,10.906
rep5,630,8.077
rep5,631,8.041
rep5,632,9.708
rep5,633,9.058
rep5,634,8.428
rep5,635,9.379
rep5,636,8.063
rep5,637,8.904
rep5,638,8.988
rep5,639,8.734
rep5,640,8.067
rep5,641,8.747
rep5,642,9.004
rep5,643,9.006
rep5,644,8.04
rep5,645,8.626
rep5,646,8.991
rep5,647,8.132
rep5,648,6.775
rep5,649,8.074
rep5,650,8.256
rep5,651,7.803
rep5,652,7.567
rep5,653,8.504
rep5,654,9.553
rep5,655,9.717
rep5,656,9.977
rep5,657,10.336
rep5,658,10.848
rep5,659,8.038
rep5,660,8.027
rep5,661,10.794
rep5,662,8.774
rep5,663,10.626
rep5,664,8.625
rep5,665,8.242
rep5,666,10.607
rep5,667,9.76
rep5,668,9.759
rep5,669,9.63
rep5,670,9.437
rep5,671,8.384
rep5,672,8.81
rep5,673,9.35
rep5,674,9.125
rep5,675,7.465
rep5,676,9.438
rep5,677,8.307
rep5,678,8.203
rep5,679,7.922
rep5,680,7.736
rep5,681,8.99
rep5,682,8.644
rep5,683,9.657
rep5,684,10.294
rep5,685,10.657
rep5,686,7.958
rep5,687,8.338
rep5,688,7.89
rep5,689,9.467
rep5,690,7.767
rep5,691,8.486
rep5,692,8.115
rep5,693,8.803
rep5,694,9.151
rep5,695,8.177
rep5,696,8.214
rep5,697,7.767
rep5,698,7.872
rep5,699,8.069
rep5,700,8.282
rep5,701,8.65
rep5,702,8.802
rep5,703,7.496
rep5,704,7.881
rep5,705,7.784
rep5,706,8.422
rep5,707,8.018
rep5,708,7.284
rep5,709,7.49
rep5,710,7.836
rep5,711,8.051
rep5,712,7.945
rep5,713,7.698
rep5,714,7.949
rep5,715,8.184
rep5,716,7.033
rep5,717,7.976
rep5,718,7.648
rep5,719,6.969
rep5,720,7.051
rep5,721,7.096
rep5,722,6.793
rep5,723,7.924
rep5,724,8.104
rep5,725,11.614
rep5,726,10.869
rep5,727,8.328
rep5,728,11.793
rep5,729,12.651
rep5,730,12.105
rep5,731,11.734
rep5,732,11.757
rep5,733,11.64
rep5,734,10.975
rep5,735,8.986
rep5,736,11.101
rep5,737,9.566
rep5,738,8.765
rep5,739,7.887
rep5,740,7.844
rep5,741,8.322
rep5,742,8.917
rep5,743,12.056
rep5,744,10.103
rep5,745,9.772
rep5,746,8.966
rep5,747,7.64
rep5,748,7.772
rep5,749,7.662
rep5,750,8.134
rep5,751,9.093
rep5,752,11.149
rep5,753,12.362
rep5,754,12.389
rep5,755,11.471
rep5,756,10.961
rep5,757,12.894
rep5,758,13.41
rep5,759,12.445
rep5,760,11.633
rep5,761,12.341
rep5,762,12.444
rep5,763,12.414
rep5,764,8.37
rep5,765,9.612
rep5,766,9.331
rep5,767,10.907
rep5,768,10.52
rep5,769,11.701
rep5,770,8.209
rep5,771,8.167
rep5,772,7.997
rep5,773,9.234
rep5,774,10.005
rep5,775,9.715
rep5,776,8.987
rep5,777,8.902
rep5,778,8.899
rep5,779,8.827
rep5,780,8.187
rep5,781,8.819
rep5,782,8.151
rep5,783,9.067
rep5,784,10.835
rep5,785,10.512
rep5,786,11.585
rep5,787,11.315
rep5,788,11.435
rep5,789,11.348
rep5,790,10.915
rep5,791,11.162
rep5,792,10.471
rep5,793,11.504
rep5,794,7.858
rep5,795,7.36
rep5,796,9.212
rep5,797,8.901
rep5,798,8.756
rep5,799,9.232
rep5,800,10.032
rep5,801,9.159
rep5,802,8.692
rep5,803,8.626
rep5,804,8.894
rep5,805,9.792
rep5,806,10.379
rep5,807,10.671
rep5,808,8.807
rep5,809,8.425
rep5,810,8.212
rep5,811,8.44
rep5,812,7.509
rep5,813,8.066
rep5,814,7.725
rep5,815,8.122
rep5,816,7.814
rep5,817,8.518
rep5,818,8.646
rep5,819,9.058
rep5,820,7.509
rep5,821,8.286
rep5,822,8.965
rep5,823,8.653
rep5,824,8.693
rep5,825,8.105
rep5,826,7.968
rep5,827,8.609
rep5,828,9.123
rep5,829,8.87
rep5,830,8.159
rep5,831,8.657
rep5,832,8.132
rep5,833,8.932
rep5,834,8.018
rep5,835,7.994
rep5,836,7.826
rep5,837,8.674
rep5,838,8.653
rep5,839,8.279
rep5,840,8.573
rep5,841,8.461
rep5,842,8.102
rep5,843,8.092
rep5,844,8.749
rep5,845,8.567
rep5,846,8.672
rep5,847,7.974
rep5,848,7.859
rep5,849,7.752
rep5,850,7.948
rep5,851,7.731
rep5,852,7.608
rep5,853,8.537
rep5,854,7.672
rep5,855,6.918
rep5,856,7.702
rep5,857,7.609
rep5,858,7.564
rep5,859,7.075
rep5,860,8.457
rep5,861,8.078
rep5,862,8.224
rep5,863,8.093
rep5,864,8.132
rep5,865,7.943
rep5,866,7.82
rep5,867,7.778
rep5,868,9.019
rep5,869,8.724
rep5,870,7.979
rep5,871,9.59
rep5,872,7.431
rep5,873,6.981
rep5,874,7.587
rep5,875,9.975
rep5,876,8.924
rep5,877,7.914
rep5,878,7.935
rep5,879,8.465
rep5,880,8.171
rep5,881,7.456
rep5,882,7.689
rep5,883,7.543
rep5,884,8.407
rep5,885,8.383
rep5,886,7.706
rep5,887,8.524
rep5,888,7.939
rep5,889,8.452
rep5,890,8.224
rep5,891,7.968
rep5,892,8.566
rep5,893,8.686
rep5,894,7.573
rep5,895,8.801
rep5,896,7.775
rep5,897,8.058
rep5,898,8.102
rep5,899,7.939
rep5,900,7.91
rep5,901,8.765
rep5,902,8.01
rep5,903,7.909
rep5,904,8.184
rep5,905,7.806
rep5,906,7.442
rep5,907,8.373
rep5,908,8.647
rep5,909,8.326
rep5,910,8.632
rep5,911,8.495
rep5,912,8.359
rep5,913,7.835
rep5,914,7.546
rep5,915,7.966
rep5,916,7.967
rep5,917,8.513
rep5,918,8.194
rep5,919,9.239
rep5,920,9.029
rep5,921,9.101
rep5,922,9.679
rep5,923,8.195
rep5,924,8.105
rep5,925,8.436
rep5,926,7.716
rep5,927,7.83
rep5,928,8.363
rep5,929,9.518
rep5,930,9.623
rep5,931,9.056
rep5,932,10.035
rep5,933,9.842
rep5,934,8.819
rep5,935,7.247
rep5,936,7.296
rep5,937,8.221
rep5,938,7.483
rep5,939,7.787
rep5,940,7.695
rep5,941,7.647
rep5,942,7.476
rep5,943,7.926
rep5,944,8.207
rep5,945,10.139
rep5,946,12.339
rep5,947,10.706
rep5,948,11.506
rep5,949,10.68
rep5,950,11.342
rep5,951,12.021
rep5,952,11.661
rep5,953,12.048
rep5,954,9.926
rep5,955,9.384
rep5,956,8.546
rep5,957,9.802
rep5,958,8.331
rep5,959,9.112
rep5,960,9.023
rep5,961,8.482
rep5,962,8.158
rep5,963,8.152
rep5,964,8.406
rep5,965,8.758
rep5,966,8.709
rep5,967,8.765
rep5,968,9.068
rep5,969,8.799
rep5,970,9.687
rep5,971,9.565
rep5,972,12.479
rep5,973,11.535
rep5,974,10.671
rep5,975,11.182
rep5,976,11.675
rep5,977,11.859
rep5,978,11.221
rep5,979,11.511
rep5,980,11.762
rep5,981,11.937
rep5,982,11.162
rep5,983,11.221
rep5,984,11.338
rep5,985,10.591
rep5,986,12.26
rep5,987,11.155
rep5,988,10.38
rep5,989,9.202
rep5,990,9.017
rep5,991,8.646
rep5,992,8.985
rep5,993,8.523
rep5,994,8.427
rep5,995,8.692
rep5,996,8.056
rep5,997,8.737
rep5,998,9.08
rep5,999,10.763
rep5,1000,10.639
rep6,0,0.0
rep6,1,1.256
rep6,2,1.813
rep6,3,1.445
rep6,4,1.245
rep6,5,1.402
rep6,6,0.58
rep6,7,1.379
rep6,8,1.291
rep6,9,0.903
rep6,10,0.742
rep6,11,0.955
rep6,12,0.587
rep6,13,1.139
rep6,14,0.883
rep6,15,0.594
rep6,16,1.4
rep6,17,1.737
rep6,18,2.277
rep6,19,0.872
rep6,20,0.981
rep6,21,0.701
rep6,22,1.613
rep6,23,1.221
rep6,24,1.379
rep6,25,1.436
rep6,26,1.414
rep6,27,0.789
rep6,28,1.448
rep6,29,1.238
rep6,30,1.552
rep6,31,3.16
rep6,32,0.883
rep6,33,1.824
rep6,34,1.433
rep6,35,1.708
rep6,36,2.92
rep6,37,2.908
rep6,38,1.852
rep6,39,2.358
rep6,40,1.777
rep6,41,1.738
rep6,42,2.93
rep6,43,2.845
rep6,44,2.762
rep6,45,2.008
rep6,46,3.061
rep6,47,2.111
rep6,48,2.528
rep6,49,3.339
rep6,50,3.326
rep6,51,2.59
rep6,52,3.494
rep6,53,1.9
rep6,54,2.065
rep6,55,2.976
rep6,56,2.609
rep6,57,3.067
rep6,58,2.037
rep6,59,2.731
rep6,60,2.203
rep6,61,2.599
rep6,62,2.431
rep6,63,2.532
rep6,64,3.035
rep6,65,3.286
rep6,66,3.774
rep6,67,3.608
rep6,68,1.906
rep6,69,2.09
rep6,70,1.977
rep6,71,3.178
rep6,72,1.993
rep6,73,3.543
rep6,74,3.082
rep6,75,4.158
rep6,76,3.498
rep6,77,1.92
rep6,78,3.464
rep6,79,2.839
rep6,80,2.71
rep6,81,3.707
rep6,82,2.933
rep6,83,3.193
rep6,84,3.266
rep6,85,3.656
rep6,86,2.8
rep6,87,2.225
rep6,88,2.793
rep6,89,1.968
rep6,90,2.496
rep6,91,2.517
rep6,92,2.388
rep6,93,2.688
rep6,94,2.888
rep6,95,2.785
rep6,96,3.567
rep6,97,2.571
rep6,98,2.995
rep6,99,3.204
rep6,100,2.879
rep6,101,2.53
rep6,102,3.324
rep6,103,3.466
rep6,104,3.329
rep6,105,2.31
rep6,106,3.329
rep6,107,1.634
rep6,108,1.303
rep6,109,1.801
rep6,110,2.599
rep6,111,2.206
rep6,112,2.843
rep6,113,2.576
rep6,114,3.554
rep6,115,2.92
rep6,116,2.733
rep6,117,2.603
rep6,118,1.709
rep6,119,3.002
rep6,120,1.733
rep6,121,2.589
rep6,122,1.296
rep6,123,1.243
rep6,124,2.125
rep6,125,1.519
rep6,126,1.638
rep6,127,2.029
rep6,128,2.507
rep6,129,2.445
rep6,130,2.014
rep6,131,2.451
rep6,132,2.168
rep6,133,1.919
rep6,134,1.824
rep6,135,1.978
rep6,136,1.822
rep6,137,2.407
rep6,138,2.329
rep6,139,2.142
rep6,140,1.75
rep6,141,2.741
rep6,142,2.091
rep6,143,1.785
rep6,144,1.542
rep6,145,1.795
rep6,146,1.971
rep6,147,1.859
rep6,148,2.295
rep6,149,2.243
rep6,150,2.022
rep6,151,1.246
rep6,152,1.607
rep6,153,1.973
rep6,154,2.344
rep6,155,1.499
rep6,156,2.347
rep6,157,2.456
rep6,158,2.592
rep6,159,2.0
rep6,160,2.032
rep6,161,1.323
rep6,162,1.511
rep6,163,0.63
rep6,164,1.526
rep6,165,1.466
rep6,166,1.355
rep6,167,2.0
rep6,168,1.152
rep6,169,1.206
rep6,170,1.366
rep6,171,1.032
rep6,172,1.555
rep6,173,1.419
rep6,174,1.319
rep6,175,1.624
rep6,176,2.308
rep6,177,1.998
rep6,178,1.55
rep6,179,1.766
rep6,180,1.908
rep6,181,2.21
rep6,182,2.391
rep6,183,2.54
rep6,184,1.29
rep6,185,2.567
rep6,186,2.401
rep6,187,3.037
rep6,188,2.423
rep6,189,2.694
rep6,190,1.592
rep6,191,2.11
rep6,192,0.138
rep6,193,1.491
rep6,194,2.632
rep6,195,3.386
rep6,196,1.747
rep6,197,1.725
rep6,198,2.426
rep6,199,1.304
rep6,200,1.727
rep6,201,1.237
rep6,202,2.032
rep6,203,1.827
rep6,204,1.248
rep6,205,1.125
rep6,206,0.67
rep6,207,0.763
rep6,208,0.847
rep6,209,1.417
rep6,210,1.243
rep6,211,1.705
rep6,212,2.157
rep6,213,1.826
rep6,214,3.651
rep6,215,4.056
rep6,216,3.463
rep6,217,3.25
rep6,218,1.537
rep6,219,4.894
rep6,220,4.094
rep6,221,3.615
rep6,222,3.659
rep6,223,3.847
rep6,224,3.184
rep6,225,4.869
rep6,226,5.672
rep6,227,6.134
rep6,228,5.33
rep6,229,4.529
rep6,230,3.715
rep6,231,3.982
rep6,232,4.167
rep6,233,3.878
rep6,234,3.963
rep6,235,3.562
rep6,236,4.071
rep6,237,4.07
rep6,238,3.625
rep6,239,3.239
rep6,240,3.237
rep6,241,3.631
rep6,242,2.923
rep6,243,3.055
rep6,244,4.056
rep6,245,3.419
rep6,246,3.438
rep6,247,3.03
rep6,248,2.243
rep6,249,2.851
rep6,250,3.345
rep6,251,3.472
rep6,252,2.829
rep6,253,2.526
rep6,254,4.154
rep6,255,3.889
rep6,256,3.405
rep6,257,3.423
rep6,258,3.114
rep6,259,3.541
rep6,260,3.629
rep6,261,3.546
rep6,262,3.064
rep6,263,3.953
rep6,264,3.843
rep6,265,3.642
rep6,266,2.539
rep6,267,2.213
rep6,268,1.339
rep6,269,2.578
rep6,270,2.304
rep6,271,1.737
rep6,272,3.266
rep6,273,2.296
rep6,274,2.573
rep6,275,2.241
rep6,276,3.581
rep6,277,2.943
rep6,278,1.993
rep6,279,4.677
rep6,280,4.542
rep6,281,3.689
rep6,282,3.046
rep6,283,2.876
rep6,284,4.181
rep6,285,3.392
rep6,286,4.238
rep6,287,3.852
rep6,288,2.947
rep6,289,3.601
rep6,290,4.083
rep6,291,3.903
rep6,292,3.531
rep6,293,4.216
rep6,294,3.307
rep6,295,3.095
rep6,296,4.408
rep6,297,3.73
rep6,298,4.136
rep6,299,4.173
rep6,300,2.665
rep6,301,3.092
rep6,302,3.641
rep6,303,4.039
rep6,304,3.304
rep6,305,2.781
rep6,306,2.556
rep6,307,3.228
rep6,308,3.056
rep6,309,4.114
rep6,310,2.666
rep6,311,3.789
rep6,312,2.743
rep6,313,3.811
rep6,314,4.225
rep6,315,3.652
rep6,316,3.554
rep6,317,3.28
rep6,318,3.611
rep6,319,4.402
rep6,320,4.007
rep6,321,3.861
rep6,322,4.015
rep6,323,3.985
rep6,324,3.375
rep6,325,3.573
rep6,326,3.855
rep6,327,3.307
rep6,328,4.152
rep6,329,2.813
rep6,330,3.881
rep6,331,3.428
rep6,332,4.796
rep6,333,3.546
rep6,334,3.146
rep6,335,3.165
rep6,336,3.152
rep6,337,3.318
rep6,338,3.178
rep6,339,3.459
rep6,340,2.874
rep6,341,3.064
rep6,342,2.52
rep6,343,3.586
rep6,344,2.856
rep6,345,2.512
rep6,346,2.898
rep6,347,2.097
rep6,348,1.659
rep6,349,2.855
rep6,350,3.133
rep6,351,2.841
rep6,352,2.655
rep6,353,1.896
rep6,354,2.572
rep6,355,3.062
rep6,356,2.556
rep6,357,2.04
rep6,358,2.372
rep6,359,3.299
rep6,360,3.074
rep6,361,3.1
rep6,362,2.613
rep6,363,2.264
rep6,364,2.473
rep6,365,2.145
rep6,366,2.452
rep6,367,2.171
rep6,368,2.736
rep6,369,2.699
rep6,370,2.808
rep6,371,2.016
rep6,372,1.214
rep6,373,3.224
rep6,374,1.574
rep6,375,2.047
rep6,376,3.109
rep6,377,3.009
rep6,378,3.673
rep6,379,3.548
rep6,380,5.58
rep6,381,2.507
rep6,382,3.183
rep6,383,3.454
rep6,384,3.579
rep6,385,2.76
rep6,386,2.465
rep6,387,2.037
rep6,388,3.143
rep6,389,2.234
rep6,390,3.631
rep6,391,2.626
rep6,392,2.664
rep6,393,1.762
rep6,394,2.371
rep6,395,2.936
rep6,396,3.217
rep6,397,3.949
rep6,398,3.081
rep6,399,1.869
rep6,400,2.837
rep6,401,3.388
rep6,402,2.023
rep6,403,3.534
rep6,404,3.329
rep6,405,2.634
rep6,406,3.93
rep6,407,2.204
rep6,408,2.235
rep6,409,4.909
rep6,410,5.792
rep6,411,4.006
rep6,412,4.466
rep6,413,4.052
rep6,414,3.391
rep6,415,4.132
rep6,416,5.018
rep6,417,3.221
rep6,418,2.822
rep6,419,3.67
rep6,420,4.471
rep6,421,11.143
rep6,422,10.648
rep6,423,13.133
rep6,424,14.718
rep6,425,10.485
rep6,426,10.302
rep6,427,13.241
rep6,428,13.8
rep6,429,10.765
rep6,430,13.791
rep6,431,11.276
rep6,432,11.108
rep6,433,12.737
rep6,434,11.626
rep6,435,10.8
rep6,436,13.496
rep6,437,12.302
rep6,438,11.951
rep6,439,10.581
rep6,440,11.29
rep6,441,9.429
rep6,442,13.736
rep6,443,12.677
rep6,444,11.695
rep6,445,12.57
rep6,446,11.44
rep6,447,9.593
rep6,448,11.493
rep6,449,13.436
rep6,450,16.295
rep6,451,17.024
rep6,452,16.71
rep6,453,12.516
rep6,454,12.843
rep6,455,12.432
rep6,456,12.208
rep6,457,11.783
rep6,458,12.069
rep6,459,13.495
rep6,460,11.991
rep6,461,10.422
rep6,462,12.029
rep6,463,11.926
rep6,464,12.647
rep6,465,14.089
rep6,466,10.064
rep6,467,11.71
rep6,468,9.099
rep6,469,9.965
rep6,470,10.049
rep6,471,12.166
rep6,472,11.46
rep6,473,10.664
rep6,474,10.881
rep6,475,9.328
rep6,476,9.243
rep6,477,10.164
rep6,478,10.044
rep6,479,11.482
rep6,480,10.935
rep6,481,12.371
rep6,482,12.893
rep6,483,12.3
rep6,484,12.235
rep6,485,10.993
rep6,486,10.827
rep6,487,12.782
rep6,488,13.276
rep6,489,11.248
rep6,490,11.85
rep6,491,8.63
rep6,492,7.814
rep6,493,4.551
rep6,494,5.469
rep6,495,7.253
rep6,496,7.247
rep6,497,4.959
rep6,498,7.273
rep6,499,8.495
rep6,500,6.967
rep6,501,8.753
rep6,502,4.549
rep6,503,6.075
rep6,504,8.081
rep6,505,7.688
rep6,506,9.311
rep6,507,7.455
rep6,508,6.991
rep6,509,6.834
rep6,510,5.19
rep6,511,6.186
rep6,512,5.792
rep6,513,4.621
rep6,514,5.198
rep6,515,5.305
rep6,516,5.595
rep6,517,4.53
rep6,518,7.198
rep6,519,7.967
rep6,520,8.234
rep6,521,9.34
rep6,522,8.963
rep6,523,8.618
rep6,524,7.455
rep6,525,8.172
rep6,526,11.462
rep6,527,9.577
rep6,528,9.217
rep6,529,8.185
rep6,530,7.971
rep6,531,8.437
rep6,532,7.469
rep6,533,8.133
rep6,534,4.675
rep6,535,6.056
rep6,536,5.594
rep6,537,8.217
rep6,538,7.158
rep6,539,7.543
rep6,540,5.658
rep6,541,8.07
rep6,542,9.046
rep6,543,8.384
rep6,544,9.882
rep6,545,9.78
rep6,546,8.048
rep6,547,8.899
rep6,548,10.404
rep6,549,9.066
rep6,550,11.657
rep6,551,10.258
rep6,552,11.496
rep6,553,11.824
rep6,554,8.685
rep6,555,9.993
rep6,556,10.305
rep6,557,11.234
rep6,558,11.508
rep6,559,10.129
rep6,560,10.143
rep6,561,10.386
rep6,562,9.937
rep6,563,10.953
rep6,564,9.015
rep6,565,9.577
rep6,566,8.436
rep6,567,10.259
rep6,568,9.208
rep6,569,9.092
rep6,570,10.227
rep6,571,10.098
rep6,572,11.565
rep6,573,14.176
rep6,574,15.29
rep6,575,12.651
rep6,576,7.993
rep6,577,7.227
rep6,578,8.942
rep6,579,8.072
rep6,580,9.742
rep6,581,10.71
rep6,582,8.528
rep6,583,8.245
rep6,584,9.893
rep6,585,10.696
rep6,586,9.813
rep6,587,11.383
rep6,588,10.089
rep6,589,7.872
rep6,590,8.398
rep6,591,9.853
rep6,592,9.461
rep6,593,10.984
rep6,594,11.339
rep6,595,12.679
rep6,596,13.671
rep6,597,13.712
rep6,598,12.967
rep6,599,13.913
rep6,600,13.647
rep6,601,12.885
rep6,602,11.955
rep6,603,12.14
rep6,604,12.598
rep6,605,13.353
rep6,606,13.713
rep6,607,13.362
rep6,608,12.745
rep6,609,12.484
rep6,610,12.424
rep6,611,12.078
rep6,612,14.829
rep6,613,17.826
rep6,614,15.861
rep6,615,16.297
rep6,616,15.864
rep6,617,15.995
rep6,618,13.336
rep6,619,12.002
rep6,620,13.607
rep6,621,13.437
rep6,622,12.839
rep6,623,9.325
rep6,624,11.997
rep6,625,14.145
rep6,626,12.856
rep6,627,11.873
rep6,628,12.682
rep6,629,8.854
rep6,630,11.185
rep6,631,9.805
rep6,632,8.282
rep6,633,6.426
rep6,634,9.285
rep6,635,10.502
rep6,636,8.242
rep6,637,11.728
rep6,638,15.343
rep6,639,11.977
rep6,640,10.453
rep6,641,11.897
rep6,642,10.748
rep6,643,10.287
rep6,644,11.001
rep6,645,11.909
rep6,646,15.054
rep6,647,14.434
rep6,648,11.608
rep6,649,12.759
rep6,650,14.962
rep6,651,16.653
rep6,652,16.909
rep6,653,17.492
rep6,654,17.51
rep6,655,18.407
rep6,656,19.098
rep6,657,18.064
rep6,658,21.127
rep6,659,18.263
rep6,660,18.028
rep6,661,18.298
rep6,662,15.298
rep6,663,18.801
rep6,664,16.466
rep6,665,15.617
rep6,666,14.908
rep6,667,15.022
rep6,668,15.216
rep6,669,14.954
rep6,670,14.699
rep6,671,15.091
rep6,672,16.736
rep6,673,15.09
rep6,674,18.067
rep6,675,16.949
rep6,676,18.633
rep6,677,17.064
rep6,678,17.112
rep6,679,16.281
rep6,680,17.447
rep6,681,16.817
rep6,682,16.989
rep6,683,16.688
rep6,684,18.763
rep6,685,19.173
rep6,686,18.487
rep6,687,18.167
rep6,688,19.207
rep6,689,18.582
rep6,690,17.899
rep6,691,15.394
rep6,692,16.856
rep6,693,19.429
rep6,694,18.505
rep6,695,17.572
rep6,696,16.473
rep6,697,18.126
rep6,698,16.678
rep6,699,14.699
rep6,700,15.048
rep6,701,10.452
rep6,702,10.498
rep6,703,9.89
rep6,704,10.885
rep6,705,10.917
rep6,706,11.328
rep6,707,11.304
rep6,708,10.937
rep6,709,11.483
rep6,710,11.973
rep6,711,11.614
rep6,712,12.867
rep6,713,11.343
rep6,714,11.484
rep6,715,11.081
rep6,716,10.639
rep6,717,11.496
rep6,718,11.945
rep6,719,11.385
rep6,720,11.157
rep6,721,10.614
rep6,722,10.334
rep6,723,11.499
rep6,724,10.568
rep6,725,10.944
rep6,726,10.529
rep6,727,10.258
rep6,728,11.114
rep6,729,11.156
rep6,730,11.177
rep6,731,10.918
rep6,732,11.269
rep6,733,9.126
rep6,734,10.213
rep6,735,11.572
rep6,736,10.641
rep6,737,11.045
rep6,738,12.103
rep6,739,11.845
rep6,740,12.185
rep6,741,10.866
rep6,742,10.695
rep6,743,12.9
rep6,744,11.513
rep6,745,12.361
rep6,746,12.743
rep6,747,12.681
rep6,748,12.354
rep6,749,11.129
rep6,750,9.487
rep6,751,8.775
rep6,752,9.862
rep6,753,9.685
rep6,754,10.656
rep6,755,9.832
rep6,756,10.981
rep6,757,10.604
rep6,758,11.348
rep6,759,8.935
rep6,760,9.095
rep6,761,9.207
rep6,762,11.13
rep6,763,10.583
rep6,764,11.223
rep6,765,7.782
rep6,766,8.872
rep6,767,5.844
rep6,768,5.975
rep6,769,5.923
rep6,770,11.452
rep6,771,10.262
rep6,772,12.196
rep6,773,11.682
rep6,774,9.381
rep6,775,9.499
rep6,776,6.879
rep6,777,10.494
rep6,778,10.559
rep6,779,12.195
rep6,780,10.917
rep6,781,11.131
rep6,782,12.106
rep6,783,11.753
rep6,784,11.054
rep6,785,11.868
rep6,786,14.115
rep6,787,12.022
rep6,788,10.758
rep6,789,11.381
rep6,790,10.086
rep6,791,9.087
rep6,792,10.178
rep6,793,9.636
rep6,794,9.237
rep6,795,8.173
rep6,796,9.395
rep6,797,10.598
rep6,798,9.669
rep6,799,10.254
rep6,800,9.091
rep6,801,10.746
rep6,802,10.049
rep6,803,9.743
rep6,804,10.146
rep6,805,9.649
rep6,806,9.225
rep6,807,9.593
rep6,808,10.716
rep6,809,9.207
rep6,810,11.466
rep6,811,9.55
rep6,812,9.287
rep6,813,12.689
rep6,814,11.213
rep6,815,10.581
rep6,816,12.936
rep6,817,12.235
rep6,818,15.258
rep6,819,13.155
rep6,820,12.141
rep6,821,11.725
rep6,822,14.158
rep6,823,13.55
rep6,824,12.548
rep6,825,12.94
rep6,826,11.936
rep6,827,12.102
rep6,828,13.273
rep6,829,12.188
rep6,830,11.043
rep6,831,11.815
rep6,832,11.574
rep6,833,12.82
rep6,834,13.095
rep6,835,13.346
rep6,836,13.801
rep6,837,12.582
rep6,838,13.064
rep6,839,13.73
rep6,840,14.452
rep6,841,14.797
rep6,842,13.1
rep6,843,12.872
rep6,844,12.16
rep6,845,12.606
rep6,846,13.218
rep6,847,13.987
rep6,848,11.79
rep6,849,13.381
rep6,850,13.877
rep6,851,12.71
rep6,852,11.947
rep6,853,12.347
rep6,854,14.982
rep6,855,13.866
rep6,856,14.181
rep6,857,11.992
rep6,858,9.211
rep6,859,8.994
rep6,860,11.652
rep6,861,11.335
rep6,862,12.642
rep6,863,13.998
rep6,864,15.405
rep6,865,19.684
rep6,866,12.812
rep6,867,13.485
rep6,868,9.066
rep6,869,11.158
rep6,870,10.241
rep6,871,11.975
rep6,872,10.793
rep6,873,10.616
rep6,874,11.8
rep6,875,12.118
rep6,876,10.662
rep6,877,14.948
rep6,878,14.131
rep6,879,14.566
rep6,880,13.648
rep6,881,15.324
rep6,882,13.906
rep6,883,11.428
rep6,884,12.42
rep6,885,11.124
rep6,886,10.922
rep6,887,8.933
rep6,888,10.042
rep6,889,9.587
rep6,890,12.696
rep6,891,12.48
rep6,892,11.652
rep6,893,11.413
rep6,894,8.83
rep6,895,10.407
rep6,896,10.461
rep6,897,11.643
rep6,898,11.498
rep6,899,11.726
rep6,900,12.36
rep6,901,11.047
rep6,902,12.372
rep6,903,17.275
rep6,904,19.623
rep6,905,22.506
rep6,906,24.799
rep6,907,30.405
rep6,908,22.728
rep6,909,22.17
rep6,910,19.799
rep6,911,26.141
rep6,912,25.188
rep6,913,29.892
rep6,914,22.518
rep6,915,25.357
rep6,916,29.416
rep6,917,21.445
rep6,918,22.942
rep6,919,35.012
rep6,920,63.484
rep6,921,64.695
rep6,922,35.523
rep6,923,64.27
rep6,924,59.626
rep6,925,63.214
rep6,926,58.636
rep6,927,59.263
rep6,928,58.541
rep6,929,60.309
rep6,930,65.368
rep6,931,57.809
rep6,932,58.635
rep6,933,57.029
rep6,934,57.238
rep6,935,53.794
rep6,936,59.476
rep6,937,61.394
rep6,938,69.487
rep6,939,69.957
rep6,940,76.663
rep6,941,69.281
rep6,942,62.674
rep6,943,65.991
rep6,944,63.189
rep6,945,69.278
rep6,946,76.708
rep6,947,71.453
rep6,948,39.784
rep6,949,45.782
rep6,950,41.916
rep6,951,42.314
rep6,952,42.622
rep6,953,32.518
rep6,954,33.273
rep6,955,36.864
rep6,956,39.7
rep6,957,37.848
rep6,958,35.278
rep6,959,38.531
rep6,960,39.747
rep6,961,44.451
rep6,962,48.473
rep6,963,41.146
rep6,964,36.866
rep6,965,37.838
rep6,966,30.448
rep6,967,29.914
rep6,968,29.33
rep6,969,29.493
rep6,970,25.287
rep6,971,31.222
rep6,972,25.651
rep6,973,27.74
rep6,974,26.477
rep6,975,27.402
rep6,976,26.845
rep6,977,27.52
rep6,978,28.661
rep6,979,29.121
rep6,980,28.72
rep6,981,29.692
rep6,982,30.924
rep6,983,30.536
rep6,984,33.043
rep6,985,27.017
rep6,986,22.166
rep6,987,29.012
rep6,988,30.954
rep6,989,27.74
rep6,990,27.942
rep6,991,34.861
rep6,992,34.348
rep6,993,36.033
rep6,994,33.605
rep6,995,28.906
rep6,996,30.658
rep6,997,57.681
rep6,998,31.276
rep6,999,62.787
rep6,1000,63.232
