site,persistence,n_frames,mean_score,mean_drugg,mean_volume,cx,cy,cz,n_obs,tier
380,0.0946,473,0.1493,0.1026,330.5,37.32,35.5,43.42,475,Tier2
334,0.093,465,0.1414,0.0647,313.7,38.72,38.58,48.86,465,Tier2
323,0.093,465,0.158,0.0485,284.9,42.5,49.81,39.66,467,Tier2
131,0.09,450,0.1463,0.0498,253.9,54.68,53.82,54.96,451,Tier2
126,0.09,450,0.1296,0.0649,295.3,44.68,48.63,58.45,452,Tier2
335,0.0896,448,0.1488,0.0483,289.6,39.31,43.36,52.54,448,Tier2
322,0.0876,438,0.159,0.0547,241.1,46.63,43.08,40.17,439,Tier2
50,0.087,435,0.1617,0.0324,238.1,52.34,55.66,51.52,437,Tier2
538,0.087,435,0.1456,0.042,291.2,42.44,45.42,38.64,435,Tier2
400,0.0866,433,0.1409,0.0387,323.1,35.65,51.28,41.53,433,Tier2
125,0.086,430,0.1178,0.0504,299.9,45.07,43.8,57.95,430,Tier2
312,0.0846,423,0.118,0.0259,294.3,56.95,37.65,47.09,423,Tier2
325,0.084,420,0.1668,0.0538,277.0,39.76,44.22,42.1,421,Tier2
65,0.081,405,0.1232,0.0403,254.1,45.9,57.07,53.25,405,Tier2
523,0.0804,402,0.1698,0.0499,283.9,41.31,53.59,44.57,402,Tier2
429,0.0804,402,0.1131,0.0481,321.5,39.71,47.11,56.78,402,Tier2
545,0.08,400,0.0926,0.0193,291.6,46.56,49.7,34.58,401,Tier2
331,0.0794,397,0.1274,0.0381,305.4,45.08,35.85,41.49,398,Tier2
440,0.0792,396,0.1287,0.0276,262.1,39.2,48.11,46.79,400,Tier2
86,0.0792,396,0.1099,0.0589,330.9,37.96,55.88,39.42,398,Tier2
431,0.0792,396,0.1049,0.0465,317.4,35.4,51.08,52.88,396,Tier2
285,0.079,395,0.1081,0.04,322.5,48.83,34.08,51.72,395,Tier2
133,0.0778,389,0.1161,0.0371,281.9,49.62,53.39,58.28,389,Tier2
293,0.0778,389,0.0845,0.0367,315.2,61.93,50.53,40.93,390,Tier2
170,0.0778,389,0.128,0.0496,303.4,52.56,43.37,37.16,391,Tier2
308,0.0776,388,0.1039,0.0546,312.6,57.21,39.77,39.88,388,Tier2
43,0.0772,386,0.1089,0.0465,339.6,59.17,59.63,47.24,387,Tier2
306,0.0772,386,0.1405,0.0383,275.2,57.35,49.81,52.22,387,Tier2
343,0.077,385,0.1182,0.0384,307.0,44.58,35.42,52.94,385,Tier2
305,0.0764,382,0.0945,0.0411,286.2,60.5,45.99,53.95,383,Tier2
407,0.0764,382,0.1301,0.0616,300.4,36.17,40.98,39.86,385,Tier2
311,0.0758,379,0.1677,0.0515,271.1,49.51,38.62,44.18,379,Tier2
332,0.0748,374,0.1333,0.0526,311.5,41.31,38.91,42.66,375,Tier2
340,0.0746,373,0.2134,0.0587,174.4,48.97,42.86,50.38,379,Tier2
345,0.0746,373,0.1068,0.0664,339.8,50.4,36.32,57.31,374,Tier2
48,0.074,370,0.0967,0.0425,312.7,50.59,59.05,56.95,370,Tier2
408,0.0738,369,0.1188,0.0426,310.5,33.34,44.62,43.96,370,Tier2
544,0.0734,367,0.0971,0.0368,322.7,50.12,44.03,33.07,369,Tier2
115,0.0732,366,0.0644,0.0666,348.8,49.82,55.8,62.55,366,Tier2
346,0.0726,363,0.1423,0.0506,302.6,42.14,34.56,46.3,363,Tier2
301,0.0726,363,0.2119,0.0688,197.5,52.73,49.37,50.84,363,Tier2
328,0.0726,363,0.1192,0.0556,323.1,51.78,38.19,37.18,364,Tier2
330,0.0722,361,0.1338,0.0772,296.4,39.52,36.63,37.03,362,Tier2
430,0.072,360,0.1325,0.0335,273.6,41.22,50.13,53.49,361,Tier2
67,0.0718,359,0.0937,0.0585,346.4,45.17,58.93,59.2,360,Tier2
439,0.0718,359,0.109,0.0195,316.3,34.4,49.74,46.56,361,Tier2
132,0.0714,357,0.1596,0.0373,229.2,49.03,51.2,53.87,358,Tier2
296,0.0714,357,0.0899,0.0191,298.6,60.92,47.11,47.53,357,Tier2
315,0.0712,356,0.1224,0.0823,313.2,55.05,38.84,55.79,356,Tier2
307,0.071,355,0.1255,0.0485,319.4,55.13,36.06,40.69,356,Tier2
299,0.0708,354,0.0889,0.0526,303.4,65.03,46.92,51.65,355,Tier2
338,0.0708,354,0.2109,0.0659,195.7,43.59,42.4,47.16,355,Tier2
313,0.0704,352,0.1614,0.0354,272.7,56.01,43.31,48.1,353,Tier2
339,0.0698,349,0.1593,0.062,262.6,50.29,38.66,51.85,351,Tier2
336,0.0696,348,0.1567,0.0601,255.9,43.0,39.98,52.01,349,Tier2
316,0.0696,348,0.1236,0.0674,289.1,56.37,42.89,54.53,348,Tier2
327,0.0688,344,0.1321,0.0249,335.6,47.11,39.53,36.52,346,Tier2
333,0.0686,343,0.1356,0.0581,330.3,37.38,41.71,46.29,343,Tier2
92,0.0684,342,0.1056,0.0462,308.0,45.07,61.8,47.03,343,Tier2
283,0.0684,342,0.0975,0.0668,336.1,55.08,35.19,52.41,342,Tier2
352,0.068,340,0.1284,0.0961,341.0,37.69,32.35,49.52,344,Tier2
531,0.068,340,0.0775,0.0304,309.1,52.47,50.87,34.34,340,Tier2
241,0.0672,336,0.0865,0.0592,308.0,52.83,43.3,62.0,338,Tier2
34,0.067,335,0.1004,0.0378,320.2,55.09,59.86,54.79,337,Tier2
69,0.0668,334,0.1109,0.0717,314.5,41.4,61.35,53.25,335,Tier2
298,0.0668,334,0.0944,0.0503,315.3,61.1,42.02,42.72,335,Tier2
304,0.0666,333,0.1051,0.068,309.7,63.77,51.07,54.43,333,Tier2
35,0.0664,332,0.107,0.0416,297.4,59.46,57.34,54.03,332,Tier2
486,0.066,330,0.1004,0.0237,316.0,55.04,59.4,40.43,331,Tier2
522,0.0658,329,0.1507,0.0258,225.6,44.6,55.96,48.65,330,Tier2
349,0.0652,326,0.1229,0.1037,332.2,38.17,33.97,55.38,327,Tier2
432,0.0652,326,0.0973,0.0431,318.7,39.11,55.16,55.03,326,Tier2
239,0.0648,324,0.0827,0.0546,316.3,59.26,46.46,59.17,325,Tier2
41,0.0648,324,0.1175,0.0426,299.5,54.53,58.59,45.17,324,Tier2
488,0.0646,323,0.1042,0.048,340.7,59.99,57.85,41.34,324,Tier2
402,0.0646,323,0.1059,0.0473,320.0,37.96,50.76,35.85,323,Tier2
342,0.0644,322,0.1024,0.0577,328.1,42.58,36.04,58.34,322,Tier2
49,0.0642,321,0.1174,0.0303,266.8,49.09,59.03,50.46,322,Tier2
282,0.0642,321,0.1046,0.0496,314.4,52.76,35.04,48.83,321,Tier2
140,0.0642,321,0.0849,0.0619,329.5,53.1,50.43,62.49,322,Tier2
539,0.064,320,0.1124,0.0199,320.7,45.05,45.25,34.79,320,Tier2
190,0.0638,319,0.0937,0.0531,335.9,58.98,51.22,35.25,319,Tier2
243,0.063,315,0.101,0.0355,299.4,52.49,33.88,44.23,315,Tier2
124,0.0628,314,0.0874,0.0612,329.5,37.29,52.5,59.77,314,Tier2
295,0.0628,314,0.1199,0.0382,273.6,57.04,53.77,47.09,314,Tier2
245,0.0626,313,0.1202,0.0421,314.3,48.51,34.4,38.78,314,Tier2
300,0.0626,313,0.0816,0.0491,332.7,65.44,49.16,46.06,314,Tier2
37,0.0622,311,0.0916,0.0701,318.5,56.91,55.06,60.78,313,Tier2
123,0.062,310,0.0994,0.0794,331.8,42.28,52.37,60.71,311,Tier2
496,0.062,310,0.103,0.0255,302.2,50.84,62.26,43.98,310,Tier2
303,0.062,310,0.0951,0.0623,306.9,60.97,53.7,57.28,311,Tier2
246,0.0618,309,0.1108,0.0593,307.0,48.55,32.12,43.74,309,Tier2
242,0.0616,308,0.0989,0.1066,324.7,58.55,40.55,60.95,313,Tier2
310,0.0616,308,0.1666,0.0514,271.0,52.81,40.31,44.59,308,Tier2
433,0.0616,308,0.1217,0.048,314.2,38.81,54.66,50.03,309,Tier2
329,0.0614,307,0.1183,0.0483,325.2,41.43,40.67,37.19,307,Tier2
85,0.0614,307,0.1105,0.0712,332.9,35.43,58.65,50.79,309,Tier2
417,0.0614,307,0.1012,0.0521,338.2,34.39,43.34,57.06,309,Tier2
168,0.0614,307,0.1062,0.0415,326.5,57.0,45.44,36.39,307,Tier2
529,0.0614,307,0.121,0.0371,313.3,47.38,54.41,38.13,308,Tier2
383,0.061,305,0.1091,0.0757,344.0,34.97,37.64,51.98,305,Tier2
94,0.061,305,0.1007,0.0524,350.1,41.53,62.28,43.44,305,Tier2
337,0.0608,304,0.1606,0.0432,288.2,45.64,37.85,46.92,304,Tier2
416,0.0608,304,0.1129,0.0699,333.0,37.05,39.35,55.69,304,Tier2
438,0.0608,304,0.1047,0.0516,316.0,33.91,54.55,46.42,305,Tier2
88,0.0606,303,0.109,0.0531,325.6,38.97,61.35,38.91,303,Tier2
247,0.0606,303,0.1336,0.1051,322.9,43.45,30.14,41.7,304,Tier2
326,0.0606,303,0.125,0.0711,304.4,47.83,36.0,32.78,305,Tier2
128,0.0606,303,0.08,0.0638,343.2,44.01,45.69,63.38,303,Tier2
137,0.0602,301,0.1297,0.035,282.3,49.97,43.22,56.21,301,Tier2
139,0.06,300,0.0982,0.0508,306.7,55.91,50.32,59.2,300,Tier2
82,0.06,300,0.1056,0.0606,340.9,36.81,59.24,45.13,300,Tier2
436,0.06,300,0.1184,0.0359,310.4,35.3,45.15,49.79,300,Tier2
167,0.0594,297,0.1135,0.0513,347.6,54.96,42.08,31.48,298,Tier2
288,0.0594,297,0.0912,0.0601,321.9,48.46,40.57,61.79,297,Tier2
287,0.0592,296,0.0787,0.0674,341.3,45.19,36.62,62.3,297,Tier2
14,0.059,295,0.108,0.0637,314.2,63.6,54.31,49.64,295,Tier2
181,0.0588,294,0.108,0.0802,328.3,56.23,36.53,33.71,296,Tier2
130,0.0588,294,0.1023,0.0523,341.7,38.96,43.25,58.99,295,Tier2
442,0.0588,294,0.1319,0.0715,305.9,30.73,53.02,53.14,296,Tier2
292,0.0582,291,0.1079,0.0717,319.1,62.2,45.75,40.59,291,Tier2
129,0.0582,291,0.0917,0.0743,352.6,37.91,47.29,60.82,291,Tier2
64,0.058,290,0.1258,0.0434,271.1,44.39,54.3,55.48,291,Tier2
401,0.0578,289,0.1149,0.0507,290.5,33.84,46.89,36.93,291,Tier2
302,0.0576,288,0.1164,0.0596,248.4,56.08,48.75,46.13,288,Tier2
66,0.0572,286,0.0791,0.0659,326.0,40.59,57.77,60.42,286,Tier2
357,0.0572,286,0.1255,0.0637,307.8,43.18,33.08,36.46,286,Tier2
47,0.057,285,0.0967,0.0644,319.6,47.14,62.33,53.71,285,Tier2
526,0.0566,283,0.1585,0.0316,242.9,46.14,54.41,42.81,283,Tier2
127,0.0564,282,0.0685,0.0657,339.7,42.11,41.83,64.29,283,Tier2
530,0.0564,282,0.1124,0.0394,289.4,51.7,53.49,38.82,282,Tier2
501,0.056,280,0.0791,0.0387,320.8,56.27,64.29,44.91,281,Tier2
71,0.056,280,0.0965,0.0478,322.9,35.51,58.12,57.55,280,Tier2
87,0.0558,279,0.1206,0.0618,343.9,42.81,58.61,40.58,279,Tier2
341,0.0558,279,0.1264,0.0529,334.8,41.53,40.37,57.49,279,Tier2
135,0.0556,278,0.0725,0.0744,345.8,47.74,50.03,64.08,281,Tier2
537,0.0556,278,0.109,0.0431,312.5,42.04,53.99,34.81,278,Tier2
166,0.0552,276,0.0935,0.0512,348.4,56.93,46.84,31.1,281,Tier2
263,0.0552,276,0.1032,0.0662,346.3,46.21,31.25,57.28,276,Tier2
240,0.0552,276,0.0894,0.0523,304.9,56.58,45.55,63.46,276,Tier2
206,0.055,275,0.089,0.0387,325.4,59.68,35.95,44.59,275,Tier2
399,0.0546,273,0.109,0.0277,297.9,32.24,54.12,37.62,273,Tier2
541,0.0544,272,0.1237,0.0356,321.7,38.51,45.38,35.37,272,Tier2
83,0.0544,272,0.106,0.0521,313.5,40.55,59.31,48.23,273,Tier2
13,0.0542,271,0.1045,0.0743,320.8,65.18,58.25,44.25,277,Tier2
15,0.0538,269,0.13,0.0941,329.5,61.48,58.49,50.7,270,Tier2
540,0.0538,269,0.1026,0.0651,318.8,41.38,49.15,31.88,271,Tier2
188,0.0536,268,0.0603,0.0169,293.7,67.05,56.05,38.58,269,Tier2
524,0.0536,268,0.1682,0.0236,207.0,50.57,54.66,46.63,268,Tier2
528,0.0534,267,0.1522,0.0439,239.4,49.81,47.16,39.69,267,Tier2
138,0.0532,266,0.1165,0.045,261.6,54.2,46.68,56.46,267,Tier2
42,0.053,265,0.0958,0.0357,311.5,55.16,60.87,49.99,265,Tier2
294,0.0528,264,0.109,0.0501,333.1,61.54,54.2,45.16,264,Tier2
487,0.0528,264,0.097,0.0466,317.0,61.87,56.14,37.28,265,Tier2
40,0.0524,262,0.0727,0.045,322.0,54.52,61.71,61.79,263,Tier2
177,0.052,260,0.1439,0.1105,314.4,53.41,32.0,37.12,264,Tier2
497,0.052,260,0.0931,0.0335,319.3,47.38,64.31,41.85,261,Tier2
348,0.0518,259,0.1105,0.051,313.3,44.62,31.99,49.3,259,Tier2
344,0.0518,259,0.1421,0.0625,299.6,46.85,39.17,56.6,259,Tier2
89,0.0516,258,0.0941,0.0321,309.2,32.84,63.27,39.6,263,Tier2
532,0.0514,257,0.0981,0.0308,319.3,56.02,55.09,36.52,257,Tier2
90,0.051,255,0.1178,0.0482,324.1,30.79,58.08,43.5,258,Tier2
363,0.0508,254,0.1102,0.0535,297.6,43.15,39.6,32.22,256,Tier2
290,0.0506,253,0.0774,0.0835,353.3,55.59,35.88,61.79,258,Tier2
513,0.0504,252,0.0758,0.0357,326.7,58.28,63.02,37.52,253,Tier2
230,0.0502,251,0.1015,0.0627,289.3,63.59,51.03,60.37,252,Tier2
321,0.0498,249,0.0964,0.0506,305.6,60.1,39.96,50.53,249,Noise
483,0.0494,247,0.0529,0.017,309.5,59.17,58.49,32.42,250,Noise
309,0.0492,246,0.1239,0.0385,256.5,54.61,44.04,43.45,246,Noise
136,0.049,245,0.1272,0.0422,297.3,49.38,47.91,58.71,245,Noise
134,0.0484,242,0.081,0.0623,307.1,48.85,45.63,63.04,244,Noise
44,0.0484,242,0.0914,0.0431,296.8,49.35,63.33,49.29,242,Noise
314,0.0484,242,0.1278,0.0421,270.3,55.32,40.03,50.86,242,Noise
384,0.0484,242,0.1318,0.0742,339.3,32.14,39.21,49.26,243,Noise
533,0.0482,241,0.0988,0.0249,317.9,56.81,52.9,40.45,242,Noise
546,0.0478,239,0.0642,0.036,290.6,49.14,49.91,29.82,240,Noise
435,0.0478,239,0.1059,0.0677,342.2,32.78,47.95,55.74,239,Noise
504,0.0476,238,0.1133,0.0377,325.8,48.73,60.57,36.71,238,Noise
45,0.047,235,0.0854,0.0365,300.0,53.43,64.15,48.68,235,Noise
437,0.047,235,0.0982,0.039,316.8,30.88,45.09,49.04,235,Noise
189,0.047,235,0.069,0.0366,316.7,63.65,51.66,32.92,235,Noise
60,0.0464,232,0.0903,0.0467,310.1,47.09,64.86,59.68,235,Noise
39,0.0464,232,0.0911,0.0435,303.1,59.29,60.05,58.82,232,Noise
381,0.0462,231,0.1693,0.1384,345.7,32.71,38.7,41.98,231,Noise
512,0.046,230,0.0804,0.0372,300.4,52.99,65.56,38.21,231,Noise
320,0.0456,228,0.0848,0.0645,306.2,60.38,41.0,55.19,229,Noise
419,0.0454,227,0.084,0.0379,354.1,36.54,38.52,61.01,227,Noise
535,0.0452,226,0.0929,0.0449,320.0,45.98,54.4,29.69,228,Noise
117,0.0446,223,0.0469,0.0783,346.6,45.85,54.03,65.88,227,Noise
543,0.0442,221,0.066,0.0259,286.5,47.33,44.54,28.96,223,Noise
46,0.0438,219,0.0894,0.089,348.1,51.09,64.54,55.74,222,Noise
291,0.0438,219,0.1095,0.0933,348.2,58.95,35.15,57.34,220,Noise
297,0.0438,219,0.0841,0.0563,321.0,62.9,42.55,46.95,219,Noise
507,0.0436,218,0.0915,0.0513,316.4,53.19,58.04,33.72,219,Noise
93,0.0434,217,0.1093,0.0604,325.8,41.54,64.88,49.46,218,Noise
280,0.0432,216,0.0881,0.0661,336.1,52.89,32.48,56.86,216,Noise
180,0.0432,216,0.0643,0.0306,305.4,52.97,34.74,27.42,217,Noise
169,0.0428,214,0.1103,0.0346,297.6,55.63,47.47,39.64,215,Noise
447,0.0424,212,0.1081,0.0379,302.0,25.78,52.03,41.15,219,Noise
434,0.0422,211,0.0909,0.0338,315.4,31.28,44.9,53.21,211,Noise
324,0.0422,211,0.2243,0.0601,178.7,44.77,47.2,45.59,211,Noise
502,0.042,210,0.0875,0.0361,312.8,45.94,66.21,36.17,210,Noise
448,0.042,210,0.1316,0.0874,337.9,30.79,50.12,58.71,210,Noise
222,0.0418,209,0.0857,0.055,307.2,63.98,44.47,59.8,209,Noise
525,0.0418,209,0.1168,0.0201,304.3,48.82,58.2,41.98,209,Noise
122,0.0416,208,0.0672,0.0516,330.8,38.96,50.01,65.21,211,Noise
209,0.0416,208,0.0942,0.0982,319.5,68.11,42.43,46.26,210,Noise
479,0.0414,207,0.061,0.0219,294.7,64.41,60.91,36.77,211,Noise
508,0.0412,206,0.0801,0.0466,322.1,50.87,60.59,31.76,206,Noise
144,0.0412,206,0.0669,0.044,347.8,36.21,43.18,64.21,206,Noise
350,0.041,205,0.1045,0.0981,344.6,41.32,30.94,55.75,205,Noise
385,0.0408,204,0.1156,0.0841,312.6,30.06,36.54,46.49,206,Noise
211,0.0406,203,0.0804,0.0373,309.3,64.19,37.43,39.64,203,Noise
32,0.0404,202,0.1027,0.0873,325.8,60.2,63.53,52.38,202,Noise
267,0.0404,202,0.137,0.1024,305.2,47.88,26.63,46.43,205,Noise
192,0.0402,201,0.0305,0.0103,284.8,63.39,47.07,27.7,204,Noise
70,0.04,200,0.1024,0.0392,301.2,37.15,62.27,58.24,200,Noise
347,0.04,200,0.1259,0.1005,329.6,41.12,28.54,46.67,201,Noise
143,0.0394,197,0.0949,0.0443,307.1,32.6,48.1,63.18,201,Noise
203,0.0392,196,0.093,0.056,311.6,61.1,34.31,50.51,197,Noise
319,0.0386,193,0.0823,0.0622,313.1,64.24,40.81,51.64,193,Noise
506,0.0384,192,0.0975,0.0659,324.8,43.49,60.17,36.83,192,Noise
425,0.0384,192,0.1388,0.0801,338.4,32.37,31.62,49.97,194,Noise
490,0.038,190,0.0889,0.0528,332.6,61.35,64.15,43.11,191,Noise
373,0.0378,189,0.1318,0.1052,343.6,35.93,31.12,44.2,190,Noise
153,0.0376,188,0.0499,0.0258,312.6,41.87,31.09,64.78,189,Noise
518,0.0376,188,0.0631,0.0396,302.1,54.75,52.27,30.15,188,Noise
405,0.0374,187,0.1147,0.0647,283.7,29.47,47.56,40.5,190,Noise
503,0.0374,187,0.0783,0.0262,307.6,45.09,61.8,30.4,189,Noise
284,0.0372,186,0.1304,0.0812,324.7,49.99,31.08,47.95,187,Noise
362,0.037,185,0.0824,0.0288,279.6,37.7,36.47,29.78,186,Noise
165,0.0364,182,0.1005,0.0756,310.4,61.34,42.69,35.35,182,Noise
281,0.0364,182,0.0936,0.0557,325.0,52.18,29.59,52.05,183,Noise
443,0.0362,181,0.1307,0.0471,301.3,27.5,55.63,50.27,189,Noise
7,0.0362,181,0.1101,0.0603,320.5,65.3,58.67,57.91,182,Noise
441,0.036,180,0.1313,0.0603,302.8,28.09,49.68,46.93,182,Noise
358,0.036,180,0.0809,0.0226,296.2,45.7,29.03,31.43,181,Noise
392,0.036,180,0.1058,0.0562,306.9,27.11,42.64,46.0,182,Noise
96,0.0358,179,0.1059,0.068,336.6,45.45,68.25,45.41,180,Noise
25,0.0358,179,0.1146,0.0638,318.2,64.48,63.64,48.72,180,Noise
236,0.0356,178,0.0895,0.1353,324.0,50.65,46.2,67.86,182,Noise
264,0.0356,178,0.0748,0.0536,326.1,48.97,30.73,62.29,179,Noise
164,0.0354,177,0.1013,0.0655,315.2,60.47,38.97,35.95,179,Noise
249,0.035,175,0.1377,0.1091,318.7,47.34,27.66,38.26,177,Noise
231,0.035,175,0.0574,0.0414,305.5,60.66,49.76,64.42,177,Noise
142,0.0348,174,0.064,0.0497,287.7,43.04,45.78,71.62,179,Noise
10,0.0344,172,0.0748,0.0193,300.7,73.72,57.17,49.76,172,Noise
178,0.0344,172,0.0815,0.0425,309.9,53.04,29.58,30.9,173,Noise
202,0.034,170,0.081,0.0412,313.6,57.4,31.45,47.69,170,Noise
91,0.034,170,0.1198,0.0368,334.1,31.88,62.85,46.27,173,Noise
446,0.034,170,0.0881,0.0132,293.9,21.27,55.93,40.7,172,Noise
286,0.0338,169,0.0609,0.0724,319.1,52.43,35.85,65.43,169,Noise
215,0.0338,169,0.0815,0.0219,285.8,73.27,50.75,53.71,170,Noise
489,0.0334,167,0.0719,0.0383,297.2,66.96,64.77,42.24,169,Noise
527,0.0332,166,0.188,0.0455,205.1,49.68,50.66,42.22,166,Noise
449,0.0332,166,0.1072,0.0598,307.7,32.44,54.65,58.93,166,Noise
536,0.0328,164,0.0991,0.0512,300.2,37.92,55.69,31.26,164,Noise
155,0.0328,164,0.0589,0.0346,295.7,41.77,38.75,71.76,168,Noise
418,0.0326,163,0.1004,0.0473,319.6,33.52,33.95,60.57,163,Noise
16,0.0326,163,0.1501,0.1194,325.8,66.68,58.97,51.17,163,Noise
265,0.0324,162,0.0926,0.0371,298.3,42.6,21.72,44.23,167,Noise
354,0.0324,162,0.0895,0.0182,300.2,41.07,24.96,34.88,164,Noise
12,0.0322,161,0.0758,0.0243,305.3,71.93,59.99,43.06,164,Noise
152,0.0322,161,0.0313,0.0433,319.1,39.2,36.09,65.52,165,Noise
415,0.032,160,0.1065,0.0412,331.4,30.15,39.08,55.65,162,Noise
360,0.032,160,0.1261,0.0578,317.2,34.39,41.92,34.69,160,Noise
58,0.032,160,0.1016,0.0268,294.6,33.96,54.98,64.14,162,Noise
382,0.0318,159,0.1163,0.0818,339.2,33.31,33.75,40.37,160,Noise
289,0.0318,159,0.0602,0.0174,299.3,56.65,28.53,63.94,164,Noise
317,0.0316,158,0.0853,0.0602,298.2,64.93,36.87,46.98,158,Noise
84,0.0314,157,0.1045,0.0506,330.8,35.39,62.96,51.81,157,Noise
276,0.0312,156,0.0753,0.0402,291.1,63.8,29.9,57.1,165,Noise
74,0.0312,156,0.0898,0.0574,303.3,29.6,60.7,52.78,156,Noise
272,0.0312,156,0.0714,0.0356,317.2,38.73,26.43,58.82,158,Noise
505,0.031,155,0.0897,0.0352,315.3,45.2,57.69,33.03,155,Noise
463,0.031,155,0.1156,0.0713,330.8,38.56,60.37,32.95,156,Noise
542,0.031,155,0.1107,0.0773,318.0,41.25,44.57,30.6,155,Noise
95,0.031,155,0.0942,0.0201,292.2,37.33,65.71,43.95,155,Noise
163,0.0308,154,0.0368,0.0173,287.9,57.9,41.26,26.45,157,Noise
361,0.0306,153,0.1126,0.0629,314.3,37.68,42.05,31.77,153,Noise
205,0.0306,153,0.0968,0.0461,281.6,58.57,31.18,41.17,153,Noise
56,0.0302,151,0.0505,0.0348,291.3,37.04,60.88,67.64,152,Noise
36,0.0302,151,0.0765,0.056,335.4,62.1,56.58,62.71,151,Noise
199,0.03,150,0.0533,0.0218,301.1,62.19,30.72,33.96,155,Noise
355,0.03,150,0.0873,0.0205,320.0,36.7,30.68,37.72,151,Noise
389,0.03,150,0.1017,0.0565,325.8,20.47,45.05,45.2,150,Noise
228,0.03,150,0.0761,0.0511,299.1,63.67,32.66,63.82,154,Noise
445,0.0298,149,0.0985,0.0127,306.1,20.04,54.51,46.98,151,Noise
414,0.0296,148,0.0886,0.0329,301.1,28.55,43.05,61.79,149,Noise
461,0.0296,148,0.1014,0.0243,308.6,27.21,61.19,38.74,152,Noise
6,0.0294,147,0.1183,0.0421,284.3,68.56,55.17,56.3,147,Noise
372,0.0294,147,0.1073,0.0563,324.4,33.44,27.11,46.0,147,Noise
1,0.0292,146,0.0457,0.0509,308.2,63.86,63.76,64.1,149,Noise
97,0.0292,146,0.0971,0.0525,317.2,41.82,69.05,41.1,147,Noise
210,0.0292,146,0.0484,0.0189,289.6,70.71,38.12,40.83,147,Noise
455,0.029,145,0.1036,0.0246,290.5,24.18,45.5,57.87,145,Noise
376,0.029,145,0.112,0.0796,326.5,24.31,34.67,44.57,145,Noise
234,0.029,145,0.0526,0.0799,348.6,57.23,49.02,68.43,145,Noise
182,0.029,145,0.072,0.0578,304.6,71.45,46.81,46.57,146,Noise
23,0.029,145,0.0838,0.0517,292.5,67.72,63.25,55.85,147,Noise
377,0.0288,144,0.1012,0.0286,310.2,29.15,31.55,43.79,145,Noise
244,0.0288,144,0.1013,0.0907,317.3,53.63,28.77,43.84,144,Noise
219,0.0284,142,0.109,0.0467,276.5,65.81,38.45,57.11,143,Noise
216,0.0284,142,0.0624,0.0342,286.5,75.63,39.09,48.03,151,Noise
57,0.0282,141,0.0743,0.0637,318.6,38.2,55.91,65.84,144,Noise
194,0.0282,141,0.0873,0.044,336.8,63.34,47.11,35.4,141,Noise
422,0.0282,141,0.0879,0.0236,271.6,24.21,35.04,52.68,142,Noise
426,0.0282,141,0.1144,0.0176,307.2,29.15,32.93,55.79,141,Noise
394,0.028,140,0.0796,0.0093,302.3,22.38,48.2,35.58,147,Noise
406,0.0278,139,0.1079,0.0586,300.0,29.28,42.87,39.43,141,Noise
509,0.0278,139,0.0711,0.0474,304.1,52.71,65.52,29.34,144,Noise
318,0.0278,139,0.0713,0.0258,304.6,67.56,34.8,51.55,140,Noise
119,0.0278,139,0.0545,0.1776,347.6,52.88,59.53,66.67,140,Noise
33,0.0276,138,0.0828,0.0348,305.5,57.52,64.94,56.06,140,Noise
250,0.0276,138,0.0844,0.0166,295.1,49.96,19.3,46.13,140,Noise
468,0.0276,138,0.0912,0.0478,308.4,33.19,59.64,31.2,138,Noise
225,0.0276,138,0.0522,0.0371,293.6,62.33,38.64,69.68,142,Noise
253,0.0276,138,0.0928,0.0547,340.3,59.03,24.73,42.72,141,Noise
484,0.0276,138,0.0413,0.0243,291.5,59.88,69.32,39.84,139,Noise
114,0.0274,137,0.0364,0.0337,279.8,39.12,55.31,72.42,138,Noise
404,0.0274,137,0.0922,0.047,300.1,30.53,39.02,35.25,137,Noise
183,0.0272,136,0.0757,0.0231,290.5,70.17,52.61,45.13,139,Noise
68,0.0272,136,0.1157,0.0535,293.5,41.87,65.87,56.13,137,Noise
279,0.027,135,0.0701,0.0358,297.6,57.37,29.26,54.99,136,Noise
269,0.027,135,0.0805,0.0462,318.3,45.18,27.32,53.48,137,Noise
510,0.027,135,0.0801,0.0526,337.3,53.67,69.92,32.43,139,Noise
398,0.0268,134,0.0914,0.039,276.4,30.35,50.9,31.86,134,Noise
458,0.0268,134,0.1179,0.0513,318.8,26.05,45.26,51.74,135,Noise
79,0.0268,134,0.0859,0.0209,306.1,34.13,69.29,52.7,136,Noise
515,0.0268,134,0.0462,0.0129,303.4,55.39,60.12,25.19,137,Noise
116,0.0268,134,0.0546,0.067,341.3,45.47,60.13,64.27,135,Noise
184,0.0266,133,0.0664,0.0492,291.4,71.51,52.25,37.1,134,Noise
248,0.0266,133,0.1003,0.0394,299.8,51.03,24.96,41.86,135,Noise
366,0.0266,133,0.0836,0.0233,282.7,34.34,29.12,31.27,135,Noise
444,0.0266,133,0.1013,0.0485,314.2,22.53,50.8,46.76,136,Noise
195,0.0262,131,0.0691,0.0255,303.9,66.59,43.73,32.74,133,Noise
478,0.026,130,0.0309,0.0266,318.1,64.51,65.91,33.98,130,Noise
229,0.026,130,0.067,0.0183,284.3,65.61,52.04,65.49,131,Noise
75,0.0258,129,0.0668,0.0089,272.8,22.13,59.67,48.62,135,Noise
151,0.0258,129,0.041,0.0271,273.1,34.55,31.59,65.0,130,Noise
464,0.0258,129,0.0789,0.034,317.4,35.98,67.58,33.63,146,Noise
420,0.0256,128,0.0757,0.0227,322.8,32.0,39.25,63.43,129,Noise
277,0.0256,128,0.0841,0.0183,288.1,63.05,25.37,47.94,131,Noise
233,0.0254,127,0.0571,0.1015,344.1,58.49,54.21,65.73,128,Noise
173,0.0254,127,0.0679,0.0182,274.7,45.09,30.55,25.3,132,Noise
5,0.0252,126,0.0808,0.0176,276.6,71.88,50.11,62.06,131,Noise
120,0.0252,126,0.063,0.1003,329.0,53.64,53.96,69.47,127,Noise
11,0.025,125,0.08,0.0725,310.2,74.61,55.0,43.63,126,Noise
393,0.0248,124,0.0903,0.0199,273.1,24.47,53.93,34.35,124,Noise
517,0.0248,124,0.0438,0.0203,324.2,54.63,52.03,25.47,125,Noise
278,0.0248,124,0.0946,0.0376,317.0,58.26,24.5,52.27,125,Noise
175,0.0248,124,0.0878,0.032,290.4,43.13,43.06,20.16,132,Noise
197,0.0248,124,0.0444,0.0162,290.1,67.32,36.15,33.74,125,Noise
511,0.0246,123,0.0753,0.0179,290.9,58.72,66.79,32.46,125,Noise
9,0.0246,123,0.0812,0.0175,287.8,73.24,56.91,59.92,125,Noise
457,0.0246,123,0.0795,0.0125,294.7,20.58,51.89,54.85,126,Noise
146,0.0246,123,0.0734,0.0423,320.7,27.58,52.1,66.03,124,Noise
30,0.0244,122,0.0608,0.024,302.2,62.02,69.25,47.56,125,Noise
397,0.0244,122,0.1225,0.0753,293.4,34.31,47.22,29.18,122,Noise
451,0.0242,121,0.1111,0.0402,310.3,25.22,52.52,58.15,122,Noise
52,0.0242,121,0.0631,0.056,297.8,37.0,67.13,64.02,123,Noise
266,0.0242,121,0.0939,0.0211,304.9,38.53,22.41,48.3,121,Noise
256,0.0242,121,0.0829,0.0366,289.9,49.57,23.12,54.87,123,Noise
227,0.0238,119,0.0738,0.0232,265.8,67.38,38.16,64.88,122,Noise
472,0.0238,119,0.146,0.1422,308.6,39.84,48.49,25.29,119,Noise
204,0.0238,119,0.0741,0.0189,275.3,64.67,32.29,43.18,120,Noise
20,0.0238,119,0.0561,0.0439,294.7,64.9,68.08,53.08,119,Noise
268,0.0236,118,0.0923,0.0445,280.7,45.4,21.87,50.24,120,Noise
24,0.0236,118,0.0732,0.0381,301.6,70.19,62.55,49.67,118,Noise
218,0.0236,118,0.0649,0.0446,258.3,71.91,32.91,58.32,124,Noise
212,0.0234,117,0.0753,0.0232,282.6,76.68,44.29,53.45,118,Noise
364,0.0234,117,0.0969,0.0179,307.7,29.4,33.37,36.77,119,Noise
51,0.0234,117,0.0465,0.0369,273.9,31.77,63.41,62.91,120,Noise
162,0.0234,117,0.0322,0.0107,303.8,61.1,37.25,29.53,121,Noise
160,0.0234,117,0.0523,0.0147,302.9,60.08,35.08,24.55,123,Noise
80,0.0234,117,0.1027,0.0316,310.1,30.75,67.2,58.4,117,Noise
174,0.0234,117,0.061,0.03,290.2,51.1,37.61,20.64,120,Noise
428,0.0232,116,0.1039,0.0344,295.6,33.13,29.77,57.13,116,Noise
238,0.0232,116,0.07,0.0629,331.5,57.81,42.11,67.21,116,Noise
73,0.0232,116,0.1027,0.0279,301.7,27.63,65.08,50.16,117,Noise
141,0.0232,116,0.0599,0.0451,294.1,39.09,48.64,72.77,118,Noise
255,0.023,115,0.0718,0.0175,313.1,56.43,24.58,36.92,117,Noise
359,0.023,115,0.1033,0.0261,287.1,40.01,31.23,31.76,116,Noise
498,0.023,115,0.0839,0.0241,299.1,51.51,70.74,42.86,115,Noise
252,0.0228,114,0.0775,0.0054,294.2,47.64,21.63,37.79,114,Noise
223,0.0228,114,0.0897,0.0276,254.1,68.63,46.07,57.84,117,Noise
172,0.0228,114,0.0959,0.0415,298.1,41.72,35.37,21.84,114,Noise
424,0.0228,114,0.1032,0.018,284.8,26.38,29.95,50.45,115,Noise
193,0.0226,113,0.0319,0.0165,299.8,71.28,45.65,31.99,115,Noise
214,0.0226,113,0.0535,0.0062,269.6,77.53,49.33,48.27,115,Noise
108,0.0224,112,0.0411,0.0192,290.6,48.81,50.27,76.08,114,Noise
480,0.0224,112,0.0495,0.0229,304.0,68.5,54.48,32.59,112,Noise
185,0.0224,112,0.0569,0.0198,307.7,68.72,47.08,37.69,113,Noise
158,0.0224,112,0.0338,0.0317,331.3,50.22,35.66,69.75,112,Noise
482,0.0222,111,0.0507,0.01,299.9,62.16,55.41,27.56,112,Noise
481,0.0222,111,0.0627,0.013,311.0,66.48,60.17,30.42,113,Noise
477,0.022,110,0.0488,0.037,327.1,70.59,65.29,36.91,114,Noise
390,0.0218,109,0.0889,0.0153,282.2,21.9,43.02,41.16,110,Noise
145,0.0218,109,0.0574,0.0468,290.6,34.76,44.71,68.96,110,Noise
356,0.0216,108,0.0872,0.0228,285.4,35.3,24.67,38.13,108,Noise
8,0.0216,108,0.0817,0.0219,301.6,74.87,59.51,55.19,110,Noise
351,0.0216,108,0.0735,0.0289,308.0,39.82,26.42,52.63,108,Noise
427,0.0214,107,0.0978,0.0258,297.2,31.96,27.03,53.96,108,Noise
179,0.0214,107,0.0658,0.0135,294.0,56.94,28.09,33.12,108,Noise
403,0.0214,107,0.0945,0.0437,304.0,26.45,38.51,40.28,107,Noise
81,0.0214,107,0.0844,0.0421,312.6,35.98,71.51,59.45,110,Noise
104,0.0212,106,0.1411,0.1332,343.2,46.19,68.53,52.43,106,Noise
391,0.0212,106,0.0999,0.0352,297.8,21.14,38.32,46.05,107,Noise
423,0.0212,106,0.0722,0.0217,284.1,21.74,39.55,51.56,108,Noise
371,0.0212,106,0.0941,0.0145,281.5,34.4,22.41,50.61,106,Noise
38,0.0212,106,0.0499,0.0238,307.0,57.47,68.07,61.98,108,Noise
221,0.021,105,0.0557,0.0096,292.1,70.21,45.38,66.89,107,Noise
499,0.021,105,0.0733,0.0277,291.7,49.65,71.77,37.97,106,Noise
159,0.021,105,0.0354,0.0172,284.0,66.2,39.2,28.76,105,Noise
520,0.021,105,0.0482,0.0059,289.5,50.94,50.24,20.3,107,Noise
459,0.0208,104,0.0872,0.0149,286.8,20.53,46.63,51.24,104,Noise
76,0.0206,103,0.098,0.0225,300.0,24.21,64.0,45.62,104,Noise
121,0.0204,102,0.0282,0.0347,278.6,54.17,59.25,72.85,105,Noise
521,0.0204,102,0.0287,0.0145,334.1,53.72,43.92,21.23,107,Noise
494,0.0204,102,0.0805,0.0196,284.8,44.91,68.99,31.08,103,Noise
112,0.0202,101,0.0456,0.0355,285.9,45.13,57.26,72.21,103,Noise
171,0.02,100,0.0545,0.0152,273.7,46.63,37.46,25.87,101,Noise
395,0.02,100,0.0911,0.0262,281.2,27.07,46.52,30.35,103,Noise
516,0.0198,99,0.0358,0.0522,311.9,49.2,63.61,23.79,105,Noise
367,0.0198,99,0.0844,0.0062,282.8,30.08,37.33,29.56,100,Noise
207,0.0196,98,0.0735,0.02,290.5,68.36,28.65,46.61,104,Noise
224,0.0196,98,0.0838,0.0417,288.3,73.4,39.58,58.64,99,Noise
235,0.0196,98,0.0424,0.0178,273.0,63.44,47.72,71.38,102,Noise
257,0.0196,98,0.065,0.0033,281.8,54.14,19.54,53.76,101,Noise
154,0.0192,96,0.0234,0.0438,284.7,48.46,41.73,75.54,98,Noise
270,0.0192,96,0.0856,0.0106,293.2,40.13,18.42,54.82,101,Noise
61,0.0192,96,0.0519,0.0675,285.2,44.36,67.95,62.47,97,Noise
450,0.019,95,0.0699,0.0296,312.3,28.57,59.3,60.93,95,Noise
98,0.0186,93,0.0904,0.0109,308.7,34.54,71.83,45.03,97,Noise
186,0.0186,93,0.0609,0.0103,277.6,76.04,50.4,40.23,97,Noise
469,0.0182,91,0.0835,0.0075,277.0,33.5,42.55,22.46,93,Noise
454,0.0182,91,0.0896,0.0552,287.6,22.96,46.42,63.69,94,Noise
476,0.0182,91,0.0504,0.0194,290.4,74.49,57.85,37.63,92,Noise
514,0.0182,91,0.0639,0.0251,352.6,60.12,65.8,25.98,94,Noise
3,0.0182,91,0.0433,0.0452,289.9,61.74,60.4,68.44,92,Noise
491,0.018,90,0.0481,0.0128,310.7,39.59,64.7,24.91,93,Noise
217,0.0178,89,0.0591,0.0255,305.0,71.15,40.42,51.85,90,Noise
102,0.0178,89,0.1013,0.0235,318.1,40.48,72.81,49.73,93,Noise
22,0.0178,89,0.0567,0.0203,301.8,71.62,68.96,47.63,98,Noise
147,0.0178,89,0.0754,0.0526,302.3,28.45,48.5,70.99,91,Noise
467,0.0178,89,0.132,0.0753,301.3,29.35,57.52,34.05,90,Noise
110,0.0178,89,0.0374,0.0671,290.3,42.76,65.12,68.72,89,Noise
187,0.0176,88,0.0504,0.0181,288.5,74.86,44.94,38.27,91,Noise
374,0.0176,88,0.0988,0.0218,298.3,27.5,25.9,45.69,89,Noise
31,0.0176,88,0.0765,0.0488,292.2,59.98,70.31,53.9,88,Noise
413,0.0176,88,0.0964,0.0296,295.2,26.2,37.97,59.76,88,Noise
379,0.0174,87,0.1048,0.0048,297.2,29.39,25.72,38.01,89,Noise
237,0.0172,86,0.0258,0.0138,281.0,57.25,42.78,73.7,87,Noise
452,0.0168,84,0.0955,0.0238,307.2,25.48,58.98,55.99,84,Noise
101,0.0166,83,0.0884,0.0413,306.8,51.33,68.95,50.57,83,Noise
485,0.0166,83,0.0383,0.0264,292.7,63.98,72.33,36.07,93,Noise
103,0.0166,83,0.0712,0.014,309.4,41.89,73.5,56.45,84,Noise
196,0.0166,83,0.0353,0.0107,284.5,72.62,40.12,36.36,85,Noise
150,0.0166,83,0.0653,0.0721,287.5,34.2,36.45,70.2,87,Noise
176,0.0164,82,0.0693,0.0115,292.5,50.93,23.53,30.45,86,Noise
59,0.0164,82,0.047,0.047,305.6,32.72,57.11,70.87,82,Noise
17,0.0164,82,0.0397,0.0318,336.6,71.55,66.83,55.29,82,Noise
495,0.0162,81,0.0865,0.0255,357.8,40.23,72.88,31.77,88,Noise
118,0.016,80,0.0468,0.0307,293.3,49.86,64.7,68.01,80,Noise
55,0.016,80,0.0833,0.1053,395.9,26.5,59.99,67.29,83,Noise
387,0.016,80,0.0748,0.0118,280.3,23.77,39.76,35.11,82,Noise
271,0.016,80,0.0658,0.0119,284.3,35.71,25.19,62.68,82,Noise
365,0.0158,79,0.0856,0.0188,263.2,27.76,31.04,32.86,81,Noise
156,0.0158,79,0.0357,0.0189,285.9,54.52,37.22,73.88,80,Noise
471,0.0156,78,0.1255,0.0758,325.5,33.27,51.66,24.79,79,Noise
500,0.0156,78,0.0758,0.0253,284.8,56.31,69.86,46.6,80,Noise
111,0.0156,78,0.0465,0.0709,288.1,47.09,62.99,73.6,81,Noise
107,0.0156,78,0.0264,0.0188,287.4,53.7,47.78,74.41,78,Noise
534,0.0154,77,0.0615,0.0409,297.5,43.05,58.78,24.46,81,Noise
0,0.0154,77,0.054,0.0265,306.4,70.13,63.61,63.86,77,Noise
260,0.0154,77,0.0628,0.0112,284.2,45.61,22.5,59.83,79,Noise
375,0.0154,77,0.0906,0.011,305.4,34.03,20.28,43.7,82,Noise
149,0.0152,76,0.055,0.0659,285.7,34.06,49.47,72.7,77,Noise
148,0.0152,76,0.1003,0.1317,298.9,32.82,41.81,73.48,80,Noise
519,0.015,75,0.0197,0.0189,325.6,58.2,52.54,20.82,78,Noise
105,0.015,75,0.0262,0.0073,285.9,58.82,51.6,74.59,75,Noise
368,0.0146,73,0.1026,0.019,270.9,33.31,33.46,24.99,74,Noise
353,0.0144,72,0.0975,0.0617,303.6,39.01,28.19,24.91,79,Noise
4,0.0142,71,0.0451,0.0171,288.6,70.51,57.26,65.27,75,Noise
274,0.0142,71,0.074,0.0317,272.7,65.85,25.31,53.84,76,Noise
157,0.0142,71,0.0239,0.0273,301.1,47.06,33.92,73.14,74,Noise
460,0.014,70,0.0793,0.0047,285.1,22.46,62.03,40.02,72,Noise
99,0.0132,66,0.0753,0.0087,268.5,39.89,74.19,41.61,69,Noise
473,0.0132,66,0.0721,0.0218,289.2,37.61,53.09,19.06,71,Noise
261,0.013,65,0.0544,0.0155,285.2,48.58,28.28,67.55,68,Noise
474,0.0128,64,0.0534,0.0255,277.9,46.33,54.26,21.18,66,Noise
262,0.0126,63,0.0597,0.0093,274.5,43.98,24.54,64.49,63,Noise
396,0.0126,63,0.101,0.0048,286.6,24.85,41.45,29.28,64,Noise
410,0.0126,63,0.0935,0.0432,276.0,27.57,27.29,59.12,63,Noise
198,0.0124,62,0.0764,0.0339,333.1,63.84,28.8,27.55,65,Noise
421,0.0124,62,0.1033,0.0196,277.7,20.77,39.19,56.77,62,Noise
258,0.0122,61,0.0539,0.0056,286.5,52.88,22.32,61.89,61,Noise
19,0.0122,61,0.0602,0.0636,354.0,65.64,69.33,59.5,62,Noise
213,0.012,60,0.087,0.0265,275.0,77.77,46.19,59.02,62,Noise
492,0.0116,58,0.0485,0.0239,339.5,46.06,70.02,26.23,62,Noise
466,0.0114,57,0.0629,0.0222,293.1,30.52,61.5,25.09,61,Noise
254,0.0112,56,0.0894,0.0246,296.1,55.83,18.44,42.29,58,Noise
465,0.011,55,0.0674,0.0416,322.0,24.33,61.1,30.66,58,Noise
72,0.0108,54,0.0954,0.0193,300.3,27.97,71.3,48.54,55,Noise
220,0.0106,53,0.0696,0.0077,265.7,73.68,40.77,64.61,54,Noise
53,0.0106,53,0.0377,0.0254,303.4,37.82,66.46,70.46,53,Noise
232,0.0104,52,0.0157,0.015,276.3,60.62,55.52,71.25,53,Noise
411,0.0102,51,0.096,0.0654,294.5,27.75,37.04,67.92,52,Noise
412,0.01,50,0.089,0.0297,325.4,24.44,34.3,62.0,50,Noise
273,0.01,50,0.0548,0.0111,283.9,59.94,20.26,56.54,51,Noise
109,0.0096,48,0.0319,0.0061,289.7,47.98,57.54,78.41,49,Noise
62,0.0096,48,0.0447,0.0289,297.7,40.7,73.51,65.87,50,Noise
28,0.0096,48,0.0538,0.0321,281.7,57.57,74.72,48.42,50,Noise
100,0.0094,47,0.0687,0.0406,311.2,48.22,74.77,49.14,47,Noise
453,0.0094,47,0.058,0.0051,249.9,20.39,57.43,58.64,47,Noise
191,0.0094,47,0.0155,0.0092,304.6,70.87,50.61,28.68,49,Noise
113,0.009,45,0.058,0.0232,284.2,40.82,60.29,76.5,47,Noise
63,0.009,45,0.0477,0.0269,261.2,49.76,70.22,66.28,47,Noise
161,0.009,45,0.0411,0.0142,335.6,63.71,40.55,23.22,45,Noise
226,0.009,45,0.0307,0.0154,247.1,59.99,31.5,71.16,47,Noise
251,0.0088,44,0.0901,0.0005,321.2,47.12,17.55,41.23,45,Noise
259,0.0088,44,0.0865,0.012,289.9,48.33,16.63,57.11,46,Noise
493,0.0086,43,0.0317,0.0183,288.7,49.51,75.17,32.42,45,Noise
27,0.0084,42,0.0691,0.0207,274.3,51.57,73.86,58.22,42,Noise
369,0.0084,42,0.0966,0.0048,283.5,38.93,18.58,37.2,43,Noise
78,0.0084,42,0.1034,0.0451,328.4,24.2,64.43,57.4,45,Noise
378,0.0082,41,0.1241,0.0079,325.1,23.57,27.85,40.26,43,Noise
54,0.008,40,0.0485,0.0184,342.0,31.86,66.95,67.84,41,Noise
275,0.008,40,0.0568,0.0134,303.3,66.77,24.85,60.28,43,Noise
388,0.0078,39,0.0686,0.0179,286.8,18.56,34.8,39.34,42,Noise
201,0.0074,37,0.0481,0.0224,303.8,71.35,32.12,34.11,39,Noise
370,0.0074,37,0.1232,0.0069,291.2,28.71,21.72,50.21,39,Noise
386,0.007,35,0.0697,0.0086,259.5,17.44,44.39,36.34,36,Noise
456,0.007,35,0.0766,0.013,303.3,15.96,45.09,50.9,38,Noise
2,0.0062,31,0.0666,0.038,290.0,67.24,59.62,70.34,31,Noise
26,0.006,30,0.0509,0.0267,298.3,58.34,75.8,58.64,30,Noise
409,0.006,30,0.137,0.0478,283.7,21.83,30.46,57.41,31,Noise
200,0.0052,26,0.0253,0.0128,265.6,68.05,25.3,37.46,29,Noise
208,0.0048,24,0.0295,0.051,272.6,73.39,30.77,41.44,24,Noise
77,0.004,20,0.1452,0.0258,332.4,25.25,69.8,56.18,21,Noise
18,0.0038,19,0.0001,0.0098,303.8,72.81,69.51,60.36,19,Noise
21,0.0036,18,0.0296,0.0138,296.0,64.94,74.89,53.76,18,Noise
475,0.0036,18,0.0628,0.0269,323.0,42.73,55.8,15.87,19,Noise
462,0.0034,17,0.1155,0.043,325.4,25.49,68.68,34.41,19,Noise
106,0.0022,11,-0.0081,0.0022,258.2,54.71,49.87,80.15,12,Noise
29,0.0014,7,-0.0187,0.037,345.6,65.45,79.03,45.78,7,Noise
470,0.0014,7,0.1419,0.0161,333.3,31.33,39.15,18.92,7,Noise
