name     ,  rank,   score, probability, sas_points, surf_atoms,   center_x,   center_y,   center_z, residue_ids, surf_atom_ids
pocket1  ,     1,    5.45,       0.259,         66,         26,    56.7098,    84.3085,    39.2600, B_100 B_110 B_117 B_121 B_231 B_235 B_239 B_242 B_246 B_85 B_89 B_92 B_93 B_96, 3716 3768 3771 3832 3846 3847 3887 3891 3957 3962 4112 4215 4281 4289 6086 6088 6150 6153 6157 6223 6224 6267 6269 6273 6330 6334
pocket2  ,     2,    1.94,       0.040,         26,         18,    37.0593,    88.5500,   119.2689, A_100 A_104 A_106 A_107 A_110 A_245 A_246 A_249 A_96 A_99, 737 742 785 790 793 857 861 863 897 900 921 949 953 3044 3053 3067 3105 3109
pocket3  ,     3,    1.73,       0.031,         22,         15,    97.9030,    84.1059,   123.7485, A_207 A_210 A_53 A_56 A_57 A_60, 38 78 89 90 91 93 98 144 2437 2439 2442 2481 2484 2485 2487
pocket4  ,     4,    1.71,       0.030,         26,         19,    61.6498,    91.9005,    88.4422, B_206 B_207 B_210 B_50 B_51 B_52 B_57 B_60, 3126 3129 3149 3161 3165 3168 3173 3252 3293 3298 5698 5699 5704 5706 5709 5748 5751 5752 5754
pocket5  ,     5,    1.50,       0.021,         31,         18,    71.6648,    88.6999,   124.1467, A_220 A_221 A_224 A_225 A_228 A_74 A_75 A_78, 377 384 398 446 450 452 2657 2660 2672 2674 2677 2710 2723 2725 2727 2729 2772 2773
pocket6  ,     6,    1.41,       0.018,         19,         18,    61.8424,    87.9939,   122.9384, A_124 A_228 A_231 A_232 A_78 A_81 A_82 A_85, 452 454 499 501 502 503 505 513 558 562 1180 1182 2768 2771 2772 2819 2821 2835
pocket7  ,     7,    1.41,       0.018,         22,          7,    64.3367,    72.0557,    34.9540, B_94 B_95 B_98, 3864 3871 3874 3921 3924 3925 3926
pocket8  ,     8,    1.21,       0.011,         30,          8,    54.9729,    97.0867,    85.8305, B_207 B_211 B_50, 3137 3140 3143 5706 5772 5775 5776 5777
pocket9  ,     9,    0.86,       0.003,          7,         10,    54.7848,    84.5726,   122.9677, A_117 A_118 A_85 A_86 A_89 A_90, 561 570 572 575 614 617 620 634 1062 1075
